/Users/dayyoung/Library/Python/3.9/lib/python/site-packages/urllib3/__init__.py:35: NotOpenSSLWarning: urllib3 v2 only supports OpenSSL 1.1.1+, currently the 'ssl' module is compiled with 'LibreSSL 2.8.3'. See: https://github.com/urllib3/urllib3/issues/3020
  warnings.warn(
/Users/dayyoung/Library/Python/3.9/lib/python/site-packages/google/api_core/_python_version_support.py:237: FutureWarning: You are using a non-supported Python version (3.9.6). Google will not post any further updates to google.api_core supporting this Python version. Please upgrade to the latest Python version, or at least Python 3.10, and then update google.api_core.
  warnings.warn(message, FutureWarning)
An error occurred: module 'importlib.metadata' has no attribute 'packages_distributions'
No new videos found in movies folder.
Loaded 1192 videos from history.
Found 694 pending uploads (Sorted by Bible Order).
Processing pending upload: Psalms_Chapter_18.mp4
Starting upload for: Psalms Chapter 18 (NIRV)
Uploading file...
Video id 'lZ3wQLkEQ9g' was successfully uploaded.
Successfully uploaded and updated history for: Psalms_Chapter_18.mp4
Processing pending upload: Psalms_Chapter_19.mp4
Starting upload for: Psalms Chapter 19 (NIRV)
Uploading file...
Video id '5ek66wC8GXo' was successfully uploaded.
Successfully uploaded and updated history for: Psalms_Chapter_19.mp4
Processing pending upload: Psalms_Chapter_20.mp4
Starting upload for: Psalms Chapter 20 (NIRV)
Uploading file...
Video id 'pLGcqV36woQ' was successfully uploaded.
Successfully uploaded and updated history for: Psalms_Chapter_20.mp4
Processing pending upload: Psalms_Chapter_21.mp4
Starting upload for: Psalms Chapter 21 (NIRV)
Uploading file...
Video id 'P61GRHf1o0s' was successfully uploaded.
Successfully uploaded and updated history for: Psalms_Chapter_21.mp4
Processing pending upload: Psalms_Chapter_22.mp4
Starting upload for: Psalms Chapter 22 (NIRV)
Uploading file...
Video id 'mfMXDg6oIM8' was successfully uploaded.
Successfully uploaded and updated history for: Psalms_Chapter_22.mp4
Processing pending upload: Psalms_Chapter_23.mp4
Starting upload for: Psalms Chapter 23 (NIRV)
Uploading file...
Video id 'H_kc-H0VkXw' was successfully uploaded.
Successfully uploaded and updated history for: Psalms_Chapter_23.mp4
Processing pending upload: Psalms_Chapter_24.mp4
Starting upload for: Psalms Chapter 24 (NIRV)
Uploading file...
Video id '1x6tgWyjjno' was successfully uploaded.
Successfully uploaded and updated history for: Psalms_Chapter_24.mp4
Processing pending upload: Psalms_Chapter_25.mp4
Starting upload for: Psalms Chapter 25 (NIRV)
Uploading file...
Video id 'UsHCQbxhbmY' was successfully uploaded.
Successfully uploaded and updated history for: Psalms_Chapter_25.mp4
Processing pending upload: Psalms_Chapter_26.mp4
Starting upload for: Psalms Chapter 26 (NIRV)
Uploading file...
Video id 'MMNShnVwnlI' was successfully uploaded.
Successfully uploaded and updated history for: Psalms_Chapter_26.mp4
Processing pending upload: Psalms_Chapter_27.mp4
Starting upload for: Psalms Chapter 27 (NIRV)
Uploading file...
Video id 'Wydr2yuG3Bs' was successfully uploaded.
Successfully uploaded and updated history for: Psalms_Chapter_27.mp4
Processing pending upload: Psalms_Chapter_28.mp4
Starting upload for: Psalms Chapter 28 (NIRV)
Uploading file...
Video id 'n3Rz7sAPRa8' was successfully uploaded.
Successfully uploaded and updated history for: Psalms_Chapter_28.mp4
Processing pending upload: Psalms_Chapter_29.mp4
Starting upload for: Psalms Chapter 29 (NIRV)
Uploading file...
Video id 'ZX-Z503XnAw' was successfully uploaded.
Successfully uploaded and updated history for: Psalms_Chapter_29.mp4
Processing pending upload: Psalms_Chapter_30.mp4
Starting upload for: Psalms Chapter 30 (NIRV)
Uploading file...
Video id 'qJ6N_Un6gxo' was successfully uploaded.
Successfully uploaded and updated history for: Psalms_Chapter_30.mp4
Processing pending upload: Psalms_Chapter_31.mp4
Starting upload for: Psalms Chapter 31 (NIRV)
Uploading file...
Video id 'iCPDhwhaBLc' was successfully uploaded.
Successfully uploaded and updated history for: Psalms_Chapter_31.mp4
Processing pending upload: Psalms_Chapter_32.mp4
Starting upload for: Psalms Chapter 32 (NIRV)
Uploading file...
Video id '0eGAYlNsgks' was successfully uploaded.
Successfully uploaded and updated history for: Psalms_Chapter_32.mp4
Processing pending upload: Psalms_Chapter_33.mp4
Starting upload for: Psalms Chapter 33 (NIRV)
Uploading file...
Video id 'pkqb2FbwKhk' was successfully uploaded.
Successfully uploaded and updated history for: Psalms_Chapter_33.mp4
Processing pending upload: Psalms_Chapter_34.mp4
Starting upload for: Psalms Chapter 34 (NIRV)
Uploading file...
Video id 'aDqYGorukC8' was successfully uploaded.
Successfully uploaded and updated history for: Psalms_Chapter_34.mp4
Processing pending upload: Psalms_Chapter_35.mp4
Starting upload for: Psalms Chapter 35 (NIRV)
Uploading file...
Video id 'wbFW9WdEiu4' was successfully uploaded.
Successfully uploaded and updated history for: Psalms_Chapter_35.mp4
Processing pending upload: Psalms_Chapter_36.mp4
Starting upload for: Psalms Chapter 36 (NIRV)
Uploading file...
Video id 'FZa2KkSityk' was successfully uploaded.
Successfully uploaded and updated history for: Psalms_Chapter_36.mp4
Processing pending upload: Psalms_Chapter_37.mp4
Starting upload for: Psalms Chapter 37 (NIRV)
Uploading file...
Video id 'LjLHi4jQwvI' was successfully uploaded.
Successfully uploaded and updated history for: Psalms_Chapter_37.mp4
Processing pending upload: Psalms_Chapter_38.mp4
Starting upload for: Psalms Chapter 38 (NIRV)
Uploading file...
Video id 'rheMGFrQaXY' was successfully uploaded.
Successfully uploaded and updated history for: Psalms_Chapter_38.mp4
Processing pending upload: Psalms_Chapter_39.mp4
Starting upload for: Psalms Chapter 39 (NIRV)
Uploading file...
Video id '0eXLrH73OHY' was successfully uploaded.
Successfully uploaded and updated history for: Psalms_Chapter_39.mp4
Processing pending upload: Psalms_Chapter_40.mp4
Starting upload for: Psalms Chapter 40 (NIRV)
Uploading file...
Video id 'vO-0AVgPuno' was successfully uploaded.
Successfully uploaded and updated history for: Psalms_Chapter_40.mp4
Processing pending upload: Psalms_Chapter_41.mp4
Starting upload for: Psalms Chapter 41 (NIRV)
Uploading file...
Video id 'llb55tyzxds' was successfully uploaded.
Successfully uploaded and updated history for: Psalms_Chapter_41.mp4
Processing pending upload: Psalms_Chapter_42.mp4
Starting upload for: Psalms Chapter 42 (NIRV)
Uploading file...
Video id 'mn0v_j_2wFw' was successfully uploaded.
Successfully uploaded and updated history for: Psalms_Chapter_42.mp4
Processing pending upload: Psalms_Chapter_43.mp4
Starting upload for: Psalms Chapter 43 (NIRV)
Uploading file...
Video id 'kbCp_1AQX3k' was successfully uploaded.
Successfully uploaded and updated history for: Psalms_Chapter_43.mp4
Processing pending upload: Psalms_Chapter_44.mp4
Starting upload for: Psalms Chapter 44 (NIRV)
Uploading file...
Video id 'FW4dDmwjqWw' was successfully uploaded.
Successfully uploaded and updated history for: Psalms_Chapter_44.mp4
Processing pending upload: Psalms_Chapter_45.mp4
Starting upload for: Psalms Chapter 45 (NIRV)
Uploading file...
Video id '74xVc85YEJY' was successfully uploaded.
Successfully uploaded and updated history for: Psalms_Chapter_45.mp4
Processing pending upload: Psalms_Chapter_46.mp4
Starting upload for: Psalms Chapter 46 (NIRV)
Uploading file...
Video id 'vnZzv_G3LXQ' was successfully uploaded.
Successfully uploaded and updated history for: Psalms_Chapter_46.mp4
Processing pending upload: Psalms_Chapter_47.mp4
Starting upload for: Psalms Chapter 47 (NIRV)
Uploading file...
Video id 'HwpdcsAFAQg' was successfully uploaded.
Successfully uploaded and updated history for: Psalms_Chapter_47.mp4
Processing pending upload: Psalms_Chapter_48.mp4
Starting upload for: Psalms Chapter 48 (NIRV)
Uploading file...
Video id 'qmpA_gyz72g' was successfully uploaded.
Successfully uploaded and updated history for: Psalms_Chapter_48.mp4
Processing pending upload: Psalms_Chapter_49.mp4
Starting upload for: Psalms Chapter 49 (NIRV)
Uploading file...
Video id 'ADAQDK7N034' was successfully uploaded.
Successfully uploaded and updated history for: Psalms_Chapter_49.mp4
Processing pending upload: Psalms_Chapter_50.mp4
Starting upload for: Psalms Chapter 50 (NIRV)
Uploading file...
Video id '_eRWLaJZwG0' was successfully uploaded.
Successfully uploaded and updated history for: Psalms_Chapter_50.mp4
Processing pending upload: Psalms_Chapter_51.mp4
Starting upload for: Psalms Chapter 51 (NIRV)
Uploading file...
Video id 'WdPy7F-Gsyo' was successfully uploaded.
Successfully uploaded and updated history for: Psalms_Chapter_51.mp4
Processing pending upload: Psalms_Chapter_52.mp4
Starting upload for: Psalms Chapter 52 (NIRV)
Uploading file...
Video id '-b0r-AVXfOY' was successfully uploaded.
Successfully uploaded and updated history for: Psalms_Chapter_52.mp4
Processing pending upload: Psalms_Chapter_53.mp4
Starting upload for: Psalms Chapter 53 (NIRV)
Uploading file...
Video id 'HPZuARK2Du4' was successfully uploaded.
Successfully uploaded and updated history for: Psalms_Chapter_53.mp4
Processing pending upload: Psalms_Chapter_54.mp4
Starting upload for: Psalms Chapter 54 (NIRV)
Uploading file...
Video id '1eiOONZMmFA' was successfully uploaded.
Successfully uploaded and updated history for: Psalms_Chapter_54.mp4
Processing pending upload: Psalms_Chapter_55.mp4
Starting upload for: Psalms Chapter 55 (NIRV)
Uploading file...
Video id 'U4GE0eoxrlQ' was successfully uploaded.
Successfully uploaded and updated history for: Psalms_Chapter_55.mp4
Processing pending upload: Psalms_Chapter_56.mp4
Starting upload for: Psalms Chapter 56 (NIRV)
Uploading file...
Video id 'YgiKQCfW_64' was successfully uploaded.
Successfully uploaded and updated history for: Psalms_Chapter_56.mp4
Processing pending upload: Psalms_Chapter_57.mp4
Starting upload for: Psalms Chapter 57 (NIRV)
Uploading file...
Video id 'btcZSkR-DDI' was successfully uploaded.
Successfully uploaded and updated history for: Psalms_Chapter_57.mp4
Processing pending upload: Psalms_Chapter_58.mp4
Starting upload for: Psalms Chapter 58 (NIRV)
Uploading file...
Video id 'EAshwLjkeVs' was successfully uploaded.
Successfully uploaded and updated history for: Psalms_Chapter_58.mp4
Processing pending upload: Psalms_Chapter_59.mp4
Starting upload for: Psalms Chapter 59 (NIRV)
Uploading file...
Video id 'DVmBbucYdvs' was successfully uploaded.
Successfully uploaded and updated history for: Psalms_Chapter_59.mp4
Processing pending upload: Psalms_Chapter_60.mp4
Starting upload for: Psalms Chapter 60 (NIRV)
Uploading file...
Video id '8lTaDKx3bz4' was successfully uploaded.
Successfully uploaded and updated history for: Psalms_Chapter_60.mp4
Processing pending upload: Psalms_Chapter_61.mp4
Starting upload for: Psalms Chapter 61 (NIRV)
Uploading file...
Video id 'mhx9dfac69M' was successfully uploaded.
Successfully uploaded and updated history for: Psalms_Chapter_61.mp4
Processing pending upload: Psalms_Chapter_62.mp4
Starting upload for: Psalms Chapter 62 (NIRV)
Uploading file...
Video id 'nqrAAERBv3Q' was successfully uploaded.
Successfully uploaded and updated history for: Psalms_Chapter_62.mp4
Processing pending upload: Psalms_Chapter_63.mp4
Starting upload for: Psalms Chapter 63 (NIRV)
Uploading file...
Video id '0AaAF2Zpq1A' was successfully uploaded.
Successfully uploaded and updated history for: Psalms_Chapter_63.mp4
Processing pending upload: Psalms_Chapter_64.mp4
Starting upload for: Psalms Chapter 64 (NIRV)
Uploading file...
Video id 'D7uB57ZZxIs' was successfully uploaded.
Successfully uploaded and updated history for: Psalms_Chapter_64.mp4
Processing pending upload: Psalms_Chapter_65.mp4
Starting upload for: Psalms Chapter 65 (NIRV)
Uploading file...
Video id 'YbpD-uP5mYI' was successfully uploaded.
Successfully uploaded and updated history for: Psalms_Chapter_65.mp4
Processing pending upload: Psalms_Chapter_66.mp4
Starting upload for: Psalms Chapter 66 (NIRV)
Uploading file...
Video id 'ElA4Pys0gMI' was successfully uploaded.
Successfully uploaded and updated history for: Psalms_Chapter_66.mp4
Processing pending upload: Psalms_Chapter_67.mp4
Starting upload for: Psalms Chapter 67 (NIRV)
Uploading file...
Video id 'u9IWKBMIaSg' was successfully uploaded.
Successfully uploaded and updated history for: Psalms_Chapter_67.mp4
Processing pending upload: Psalms_Chapter_68.mp4
Starting upload for: Psalms Chapter 68 (NIRV)
Uploading file...
Video id 'HaGcuyRcbuc' was successfully uploaded.
Successfully uploaded and updated history for: Psalms_Chapter_68.mp4
Processing pending upload: Psalms_Chapter_69.mp4
Starting upload for: Psalms Chapter 69 (NIRV)
Uploading file...
Video id 'AkjCbxkRBnM' was successfully uploaded.
Successfully uploaded and updated history for: Psalms_Chapter_69.mp4
Processing pending upload: Psalms_Chapter_70.mp4
Starting upload for: Psalms Chapter 70 (NIRV)
Uploading file...
Video id 'hicktyKEwiU' was successfully uploaded.
Successfully uploaded and updated history for: Psalms_Chapter_70.mp4
Processing pending upload: Psalms_Chapter_71.mp4
Starting upload for: Psalms Chapter 71 (NIRV)
Uploading file...
Video id 'Kal6kq9JlWc' was successfully uploaded.
Successfully uploaded and updated history for: Psalms_Chapter_71.mp4
Processing pending upload: Psalms_Chapter_72.mp4
Starting upload for: Psalms Chapter 72 (NIRV)
Uploading file...
Video id '-f_Z5NnCMXs' was successfully uploaded.
Successfully uploaded and updated history for: Psalms_Chapter_72.mp4
Processing pending upload: Psalms_Chapter_73.mp4
Starting upload for: Psalms Chapter 73 (NIRV)
Uploading file...
Video id 'dA1n1sHBlsQ' was successfully uploaded.
Successfully uploaded and updated history for: Psalms_Chapter_73.mp4
Processing pending upload: Psalms_Chapter_74.mp4
Starting upload for: Psalms Chapter 74 (NIRV)
Uploading file...
Video id 'OTcTxo3EkNk' was successfully uploaded.
Successfully uploaded and updated history for: Psalms_Chapter_74.mp4
Processing pending upload: Psalms_Chapter_75.mp4
Starting upload for: Psalms Chapter 75 (NIRV)
Uploading file...
Video id 'x9q1Av-VCeo' was successfully uploaded.
Successfully uploaded and updated history for: Psalms_Chapter_75.mp4
Processing pending upload: Psalms_Chapter_76.mp4
Starting upload for: Psalms Chapter 76 (NIRV)
Uploading file...
Video id 'K1wT08TlQhE' was successfully uploaded.
Successfully uploaded and updated history for: Psalms_Chapter_76.mp4
Processing pending upload: Psalms_Chapter_77.mp4
Starting upload for: Psalms Chapter 77 (NIRV)
Uploading file...
Video id 'jMk6TVTH1zo' was successfully uploaded.
Successfully uploaded and updated history for: Psalms_Chapter_77.mp4
Processing pending upload: Psalms_Chapter_78.mp4
Starting upload for: Psalms Chapter 78 (NIRV)
Uploading file...
Video id 'A8zNUvAsXBg' was successfully uploaded.
Successfully uploaded and updated history for: Psalms_Chapter_78.mp4
Processing pending upload: Psalms_Chapter_79.mp4
Starting upload for: Psalms Chapter 79 (NIRV)
Uploading file...
Video id '_YLRSOTwaM4' was successfully uploaded.
Successfully uploaded and updated history for: Psalms_Chapter_79.mp4
Processing pending upload: Psalms_Chapter_80.mp4
Starting upload for: Psalms Chapter 80 (NIRV)
Uploading file...
Video id 'szwG-8q542Y' was successfully uploaded.
Successfully uploaded and updated history for: Psalms_Chapter_80.mp4
Processing pending upload: Psalms_Chapter_81.mp4
Starting upload for: Psalms Chapter 81 (NIRV)
Uploading file...
Video id 'CptWVO8wQpQ' was successfully uploaded.
Successfully uploaded and updated history for: Psalms_Chapter_81.mp4
Processing pending upload: Psalms_Chapter_82.mp4
Starting upload for: Psalms Chapter 82 (NIRV)
Uploading file...
Video id 'MCnFLM6OWFI' was successfully uploaded.
Successfully uploaded and updated history for: Psalms_Chapter_82.mp4
Processing pending upload: Psalms_Chapter_83.mp4
Starting upload for: Psalms Chapter 83 (NIRV)
Uploading file...
Video id 'FdV3UtuKqo8' was successfully uploaded.
Successfully uploaded and updated history for: Psalms_Chapter_83.mp4
Processing pending upload: Psalms_Chapter_84.mp4
Starting upload for: Psalms Chapter 84 (NIRV)
Uploading file...
Video id 'FlHBUFcPno4' was successfully uploaded.
Successfully uploaded and updated history for: Psalms_Chapter_84.mp4
Processing pending upload: Psalms_Chapter_85.mp4
Starting upload for: Psalms Chapter 85 (NIRV)
Uploading file...
Video id 'jfb0fKqqLaA' was successfully uploaded.
Successfully uploaded and updated history for: Psalms_Chapter_85.mp4
Processing pending upload: Psalms_Chapter_86.mp4
Starting upload for: Psalms Chapter 86 (NIRV)
Uploading file...
Video id '_E-gdehRCYc' was successfully uploaded.
Successfully uploaded and updated history for: Psalms_Chapter_86.mp4
Processing pending upload: Psalms_Chapter_87.mp4
Starting upload for: Psalms Chapter 87 (NIRV)
Uploading file...
Video id 'liDrdA3ZpTQ' was successfully uploaded.
Successfully uploaded and updated history for: Psalms_Chapter_87.mp4
Processing pending upload: Psalms_Chapter_88.mp4
Starting upload for: Psalms Chapter 88 (NIRV)
Uploading file...
Video id 'bcbbMDukdtk' was successfully uploaded.
Successfully uploaded and updated history for: Psalms_Chapter_88.mp4
Processing pending upload: Psalms_Chapter_89.mp4
Starting upload for: Psalms Chapter 89 (NIRV)
Uploading file...
Video id '6Dccf-pGVdI' was successfully uploaded.
Successfully uploaded and updated history for: Psalms_Chapter_89.mp4
Processing pending upload: Psalms_Chapter_90.mp4
Starting upload for: Psalms Chapter 90 (NIRV)
Uploading file...
Video id '2iF2Hei0USc' was successfully uploaded.
Successfully uploaded and updated history for: Psalms_Chapter_90.mp4
Processing pending upload: Psalms_Chapter_91.mp4
Starting upload for: Psalms Chapter 91 (NIRV)
Uploading file...
Video id 'R5cyxaUs-Lk' was successfully uploaded.
Successfully uploaded and updated history for: Psalms_Chapter_91.mp4
Processing pending upload: Psalms_Chapter_92.mp4
Starting upload for: Psalms Chapter 92 (NIRV)
Uploading file...
Video id 'IaNWJu50iZo' was successfully uploaded.
Successfully uploaded and updated history for: Psalms_Chapter_92.mp4
Processing pending upload: Psalms_Chapter_93.mp4
Starting upload for: Psalms Chapter 93 (NIRV)
Uploading file...
Video id '2vpnFcBU8Hg' was successfully uploaded.
Successfully uploaded and updated history for: Psalms_Chapter_93.mp4
Processing pending upload: Psalms_Chapter_94.mp4
Starting upload for: Psalms Chapter 94 (NIRV)
Uploading file...
Video id 'PFmEn3AejKA' was successfully uploaded.
Successfully uploaded and updated history for: Psalms_Chapter_94.mp4
Processing pending upload: Psalms_Chapter_95.mp4
Starting upload for: Psalms Chapter 95 (NIRV)
Uploading file...
Video id 'bNHBzBrmdZw' was successfully uploaded.
Successfully uploaded and updated history for: Psalms_Chapter_95.mp4
Processing pending upload: Psalms_Chapter_96.mp4
Starting upload for: Psalms Chapter 96 (NIRV)
Uploading file...
Video id '_YgWIC8exR4' was successfully uploaded.
Successfully uploaded and updated history for: Psalms_Chapter_96.mp4
Processing pending upload: Psalms_Chapter_97.mp4
Starting upload for: Psalms Chapter 97 (NIRV)
Uploading file...
Video id 'cfyAbCBgDOw' was successfully uploaded.
Successfully uploaded and updated history for: Psalms_Chapter_97.mp4
Processing pending upload: Psalms_Chapter_98.mp4
Starting upload for: Psalms Chapter 98 (NIRV)
Uploading file...
Video id 'iGdR5ZTxpu8' was successfully uploaded.
Successfully uploaded and updated history for: Psalms_Chapter_98.mp4
Processing pending upload: Psalms_Chapter_99.mp4
Starting upload for: Psalms Chapter 99 (NIRV)
Uploading file...
Video id 'XXtASOVhNPg' was successfully uploaded.
Successfully uploaded and updated history for: Psalms_Chapter_99.mp4
Processing pending upload: Psalms_Chapter_100.mp4
Starting upload for: Psalms Chapter 100 (NIRV)
Uploading file...
Video id 'S7UUe9NhXS0' was successfully uploaded.
Successfully uploaded and updated history for: Psalms_Chapter_100.mp4
Processing pending upload: Psalms_Chapter_101.mp4
Starting upload for: Psalms Chapter 101 (NIRV)
Uploading file...
Video id 'SAG6_RjzoLQ' was successfully uploaded.
Successfully uploaded and updated history for: Psalms_Chapter_101.mp4
Processing pending upload: Psalms_Chapter_102.mp4
Starting upload for: Psalms Chapter 102 (NIRV)
Uploading file...
Video id '2OTLET-euNA' was successfully uploaded.
Successfully uploaded and updated history for: Psalms_Chapter_102.mp4
Processing pending upload: Psalms_Chapter_103.mp4
Starting upload for: Psalms Chapter 103 (NIRV)
Uploading file...
Video id 'gy52Fl62-X4' was successfully uploaded.
Successfully uploaded and updated history for: Psalms_Chapter_103.mp4
Processing pending upload: Psalms_Chapter_104.mp4
Starting upload for: Psalms Chapter 104 (NIRV)
Uploading file...
Video id 'hxg9JhHt-kA' was successfully uploaded.
Successfully uploaded and updated history for: Psalms_Chapter_104.mp4
Processing pending upload: Psalms_Chapter_105.mp4
Starting upload for: Psalms Chapter 105 (NIRV)
Uploading file...
Video id '0W3BI3NEEEw' was successfully uploaded.
Successfully uploaded and updated history for: Psalms_Chapter_105.mp4
Processing pending upload: Psalms_Chapter_106.mp4
Starting upload for: Psalms Chapter 106 (NIRV)
Uploading file...
Video id '5Lihti1oeCQ' was successfully uploaded.
Successfully uploaded and updated history for: Psalms_Chapter_106.mp4
Processing pending upload: Psalms_Chapter_107.mp4
Starting upload for: Psalms Chapter 107 (NIRV)
Uploading file...
Video id 'vq1em7LGA-o' was successfully uploaded.
Successfully uploaded and updated history for: Psalms_Chapter_107.mp4
Processing pending upload: Psalms_Chapter_108.mp4
Starting upload for: Psalms Chapter 108 (NIRV)
Uploading file...
Video id 'gFlMqWEopmc' was successfully uploaded.
Successfully uploaded and updated history for: Psalms_Chapter_108.mp4
Processing pending upload: Psalms_Chapter_109.mp4
Starting upload for: Psalms Chapter 109 (NIRV)
Uploading file...
Video id 'OwNvt_3KXx8' was successfully uploaded.
Successfully uploaded and updated history for: Psalms_Chapter_109.mp4
Processing pending upload: Psalms_Chapter_110.mp4
Starting upload for: Psalms Chapter 110 (NIRV)
Uploading file...
Video id 'MfjlbGFLrbA' was successfully uploaded.
Successfully uploaded and updated history for: Psalms_Chapter_110.mp4
Processing pending upload: Psalms_Chapter_111.mp4
Starting upload for: Psalms Chapter 111 (NIRV)
Uploading file...
Video id 'rrZ3WymxrSA' was successfully uploaded.
Successfully uploaded and updated history for: Psalms_Chapter_111.mp4
Processing pending upload: Psalms_Chapter_112.mp4
Starting upload for: Psalms Chapter 112 (NIRV)
Uploading file...
Video id 'oUDfIAg6eEI' was successfully uploaded.
Successfully uploaded and updated history for: Psalms_Chapter_112.mp4
Processing pending upload: Psalms_Chapter_113.mp4
Starting upload for: Psalms Chapter 113 (NIRV)
Uploading file...
Video id 'cTfrbPTID6o' was successfully uploaded.
Successfully uploaded and updated history for: Psalms_Chapter_113.mp4
Processing pending upload: Psalms_Chapter_114.mp4
Starting upload for: Psalms Chapter 114 (NIRV)
Uploading file...
Video id 'r9CcyIEq_wY' was successfully uploaded.
Successfully uploaded and updated history for: Psalms_Chapter_114.mp4
Processing pending upload: Psalms_Chapter_115.mp4
Starting upload for: Psalms Chapter 115 (NIRV)
Uploading file...
Video id 'NElziFA6uPw' was successfully uploaded.
Successfully uploaded and updated history for: Psalms_Chapter_115.mp4
Processing pending upload: Psalms_Chapter_116.mp4
Starting upload for: Psalms Chapter 116 (NIRV)
Uploading file...
Video id 'UDYeKtEvWRU' was successfully uploaded.
Successfully uploaded and updated history for: Psalms_Chapter_116.mp4
Processing pending upload: Psalms_Chapter_117.mp4
Starting upload for: Psalms Chapter 117 (NIRV)
Uploading file...
Video id 'dUx8TgihrRE' was successfully uploaded.
Successfully uploaded and updated history for: Psalms_Chapter_117.mp4
Processing pending upload: Psalms_Chapter_118.mp4
Starting upload for: Psalms Chapter 118 (NIRV)
Uploading file...
Failed to upload Psalms_Chapter_118.mp4: <HttpError 403 when requesting None returned "The request cannot be completed because you have exceeded your <a href="/youtube/v3/getting-started#quota">quota</a>.". Details: "[{'message': 'The request cannot be completed because you have exceeded your <a href="/youtube/v3/getting-started#quota">quota</a>.', 'domain': 'youtube.quota', 'reason': 'quotaExceeded'}]">
QUOTA/LIMIT ERROR DETECTED. Stopping uploads.
Quota/Limit Exceeded
/Users/dayyoung/Library/Python/3.9/lib/python/site-packages/urllib3/__init__.py:35: NotOpenSSLWarning: urllib3 v2 only supports OpenSSL 1.1.1+, currently the 'ssl' module is compiled with 'LibreSSL 2.8.3'. See: https://github.com/urllib3/urllib3/issues/3020
  warnings.warn(
/Users/dayyoung/Library/Python/3.9/lib/python/site-packages/google/api_core/_python_version_support.py:237: FutureWarning: You are using a non-supported Python version (3.9.6). Google will not post any further updates to google.api_core supporting this Python version. Please upgrade to the latest Python version, or at least Python 3.10, and then update google.api_core.
  warnings.warn(message, FutureWarning)
An error occurred: module 'importlib.metadata' has no attribute 'packages_distributions'
No new videos found in movies folder.
Loaded 1192 videos from history.
Found 594 pending uploads (Sorted by Bible Order).
Processing pending upload: Psalms_Chapter_118.mp4
Starting upload for: Psalms Chapter 118 (NIRV)
Uploading file...
Video id 'M3FgaO_-ByU' was successfully uploaded.
Successfully uploaded and updated history for: Psalms_Chapter_118.mp4
Processing pending upload: Psalms_Chapter_119.mp4
Starting upload for: Psalms Chapter 119 (NIRV)
Uploading file...
Video id '5sP9NxF6eC4' was successfully uploaded.
Successfully uploaded and updated history for: Psalms_Chapter_119.mp4
Processing pending upload: Psalms_Chapter_120.mp4
Starting upload for: Psalms Chapter 120 (NIRV)
Uploading file...
Video id 'mwOYb-doqJ8' was successfully uploaded.
Successfully uploaded and updated history for: Psalms_Chapter_120.mp4
Processing pending upload: Psalms_Chapter_121.mp4
Starting upload for: Psalms Chapter 121 (NIRV)
Uploading file...
Video id 'QGdOMM-oIOU' was successfully uploaded.
Successfully uploaded and updated history for: Psalms_Chapter_121.mp4
Processing pending upload: Psalms_Chapter_122.mp4
Starting upload for: Psalms Chapter 122 (NIRV)
Uploading file...
Video id 'Q9Mu5k-jjmM' was successfully uploaded.
Successfully uploaded and updated history for: Psalms_Chapter_122.mp4
Processing pending upload: Psalms_Chapter_123.mp4
Starting upload for: Psalms Chapter 123 (NIRV)
Uploading file...
Video id 'pdaJf2mu8jM' was successfully uploaded.
Successfully uploaded and updated history for: Psalms_Chapter_123.mp4
Processing pending upload: Psalms_Chapter_124.mp4
Starting upload for: Psalms Chapter 124 (NIRV)
Uploading file...
Video id 'kDZD4gNzbms' was successfully uploaded.
Successfully uploaded and updated history for: Psalms_Chapter_124.mp4
Processing pending upload: Psalms_Chapter_125.mp4
Starting upload for: Psalms Chapter 125 (NIRV)
Uploading file...
Video id 'hc2GF0WnzSw' was successfully uploaded.
Successfully uploaded and updated history for: Psalms_Chapter_125.mp4
Processing pending upload: Psalms_Chapter_126.mp4
Starting upload for: Psalms Chapter 126 (NIRV)
Uploading file...
Video id 'QSq58sBCkK4' was successfully uploaded.
Successfully uploaded and updated history for: Psalms_Chapter_126.mp4
Processing pending upload: Psalms_Chapter_127.mp4
Starting upload for: Psalms Chapter 127 (NIRV)
Uploading file...
Video id 'iVo4Y_ialdc' was successfully uploaded.
Successfully uploaded and updated history for: Psalms_Chapter_127.mp4
Processing pending upload: Psalms_Chapter_128.mp4
Starting upload for: Psalms Chapter 128 (NIRV)
Uploading file...
Video id '8W1ASDozbG0' was successfully uploaded.
Successfully uploaded and updated history for: Psalms_Chapter_128.mp4
Processing pending upload: Psalms_Chapter_129.mp4
Starting upload for: Psalms Chapter 129 (NIRV)
Uploading file...
Video id 'dq1YqItMjgI' was successfully uploaded.
Successfully uploaded and updated history for: Psalms_Chapter_129.mp4
Processing pending upload: Psalms_Chapter_130.mp4
Starting upload for: Psalms Chapter 130 (NIRV)
Uploading file...
Video id 'YR2xpvQp2d4' was successfully uploaded.
Successfully uploaded and updated history for: Psalms_Chapter_130.mp4
Processing pending upload: Psalms_Chapter_131.mp4
Starting upload for: Psalms Chapter 131 (NIRV)
Uploading file...
Video id 'BxVS4i2ofU0' was successfully uploaded.
Successfully uploaded and updated history for: Psalms_Chapter_131.mp4
Processing pending upload: Psalms_Chapter_132.mp4
Starting upload for: Psalms Chapter 132 (NIRV)
Uploading file...
Video id 'c3zefCOYW3w' was successfully uploaded.
Successfully uploaded and updated history for: Psalms_Chapter_132.mp4
Processing pending upload: Psalms_Chapter_133.mp4
Starting upload for: Psalms Chapter 133 (NIRV)
Uploading file...
Video id 'kMdsb3j-gUU' was successfully uploaded.
Successfully uploaded and updated history for: Psalms_Chapter_133.mp4
Processing pending upload: Psalms_Chapter_134.mp4
Starting upload for: Psalms Chapter 134 (NIRV)
Uploading file...
Video id '8NJ3S1J562I' was successfully uploaded.
Successfully uploaded and updated history for: Psalms_Chapter_134.mp4
Processing pending upload: Psalms_Chapter_135.mp4
Starting upload for: Psalms Chapter 135 (NIRV)
Uploading file...
Video id 'XUfebIvt0WQ' was successfully uploaded.
Successfully uploaded and updated history for: Psalms_Chapter_135.mp4
Processing pending upload: Psalms_Chapter_136.mp4
Starting upload for: Psalms Chapter 136 (NIRV)
Uploading file...
Video id '2CViFkPoSK4' was successfully uploaded.
Successfully uploaded and updated history for: Psalms_Chapter_136.mp4
Processing pending upload: Psalms_Chapter_137.mp4
Starting upload for: Psalms Chapter 137 (NIRV)
Uploading file...
Video id '7VjW6vYh_ho' was successfully uploaded.
Successfully uploaded and updated history for: Psalms_Chapter_137.mp4
Processing pending upload: Psalms_Chapter_138.mp4
Starting upload for: Psalms Chapter 138 (NIRV)
Uploading file...
Video id 'zF1TAKEC2g8' was successfully uploaded.
Successfully uploaded and updated history for: Psalms_Chapter_138.mp4
Processing pending upload: Psalms_Chapter_139.mp4
Starting upload for: Psalms Chapter 139 (NIRV)
Uploading file...
Video id '3joksMSJbBk' was successfully uploaded.
Successfully uploaded and updated history for: Psalms_Chapter_139.mp4
Processing pending upload: Psalms_Chapter_140.mp4
Starting upload for: Psalms Chapter 140 (NIRV)
Uploading file...
Video id '2MKVPZQy-UU' was successfully uploaded.
Successfully uploaded and updated history for: Psalms_Chapter_140.mp4
Processing pending upload: Psalms_Chapter_141.mp4
Starting upload for: Psalms Chapter 141 (NIRV)
Uploading file...
Video id '20A3pFV8lOE' was successfully uploaded.
Successfully uploaded and updated history for: Psalms_Chapter_141.mp4
Processing pending upload: Psalms_Chapter_142.mp4
Starting upload for: Psalms Chapter 142 (NIRV)
Uploading file...
Video id 'goiDw_cm3po' was successfully uploaded.
Successfully uploaded and updated history for: Psalms_Chapter_142.mp4
Processing pending upload: Psalms_Chapter_143.mp4
Starting upload for: Psalms Chapter 143 (NIRV)
Uploading file...
Video id 'eq4DxOM0HAc' was successfully uploaded.
Successfully uploaded and updated history for: Psalms_Chapter_143.mp4
Processing pending upload: Psalms_Chapter_144.mp4
Starting upload for: Psalms Chapter 144 (NIRV)
Uploading file...
Video id '9Q70kDllSIU' was successfully uploaded.
Successfully uploaded and updated history for: Psalms_Chapter_144.mp4
Processing pending upload: Psalms_Chapter_145.mp4
Starting upload for: Psalms Chapter 145 (NIRV)
Uploading file...
Video id 'QKNfxaOOg4Y' was successfully uploaded.
Successfully uploaded and updated history for: Psalms_Chapter_145.mp4
Processing pending upload: Psalms_Chapter_146.mp4
Starting upload for: Psalms Chapter 146 (NIRV)
Uploading file...
Video id 'idkSmVxxcbU' was successfully uploaded.
Successfully uploaded and updated history for: Psalms_Chapter_146.mp4
Processing pending upload: Psalms_Chapter_147.mp4
Starting upload for: Psalms Chapter 147 (NIRV)
Uploading file...
Video id 'dyZ-td8p16k' was successfully uploaded.
Successfully uploaded and updated history for: Psalms_Chapter_147.mp4
Processing pending upload: Psalms_Chapter_148.mp4
Starting upload for: Psalms Chapter 148 (NIRV)
Uploading file...
Video id 'CKhl_a7Vc4Q' was successfully uploaded.
Successfully uploaded and updated history for: Psalms_Chapter_148.mp4
Processing pending upload: Psalms_Chapter_149.mp4
Starting upload for: Psalms Chapter 149 (NIRV)
Uploading file...
Video id '_OmLkbm-RJ4' was successfully uploaded.
Successfully uploaded and updated history for: Psalms_Chapter_149.mp4
Processing pending upload: Psalms_Chapter_150.mp4
Starting upload for: Psalms Chapter 150 (NIRV)
Uploading file...
Video id 'UvOHNPzoQaw' was successfully uploaded.
Successfully uploaded and updated history for: Psalms_Chapter_150.mp4
Processing pending upload: Proverbs_Chapter_1.mp4
Starting upload for: Proverbs Chapter 1 (NIRV)
Uploading file...
Video id 'bVKZznxUWes' was successfully uploaded.
Successfully uploaded and updated history for: Proverbs_Chapter_1.mp4
Processing pending upload: Proverbs_Chapter_2.mp4
Starting upload for: Proverbs Chapter 2 (NIRV)
Uploading file...
Video id 'cFRY341LGSM' was successfully uploaded.
Successfully uploaded and updated history for: Proverbs_Chapter_2.mp4
Processing pending upload: Proverbs_Chapter_3.mp4
Starting upload for: Proverbs Chapter 3 (NIRV)
Uploading file...
Video id 'nJ-bbljfEws' was successfully uploaded.
Successfully uploaded and updated history for: Proverbs_Chapter_3.mp4
Processing pending upload: Proverbs_Chapter_4.mp4
Starting upload for: Proverbs Chapter 4 (NIRV)
Uploading file...
Video id '1A00Qt57hm0' was successfully uploaded.
Successfully uploaded and updated history for: Proverbs_Chapter_4.mp4
Processing pending upload: Proverbs_Chapter_5.mp4
Starting upload for: Proverbs Chapter 5 (NIRV)
Uploading file...
Video id 'o1fwFOsOmy8' was successfully uploaded.
Successfully uploaded and updated history for: Proverbs_Chapter_5.mp4
Processing pending upload: Proverbs_Chapter_6.mp4
Starting upload for: Proverbs Chapter 6 (NIRV)
Uploading file...
Video id '7hSC0leD5oQ' was successfully uploaded.
Successfully uploaded and updated history for: Proverbs_Chapter_6.mp4
Processing pending upload: Proverbs_Chapter_7.mp4
Starting upload for: Proverbs Chapter 7 (NIRV)
Uploading file...
Video id 'arl2D9DsW4I' was successfully uploaded.
Successfully uploaded and updated history for: Proverbs_Chapter_7.mp4
Processing pending upload: Proverbs_Chapter_8.mp4
Starting upload for: Proverbs Chapter 8 (NIRV)
Uploading file...
Video id 'Z5sFUt8btJY' was successfully uploaded.
Successfully uploaded and updated history for: Proverbs_Chapter_8.mp4
Processing pending upload: Proverbs_Chapter_9.mp4
Starting upload for: Proverbs Chapter 9 (NIRV)
Uploading file...
Video id 'H9EjLKtd4qw' was successfully uploaded.
Successfully uploaded and updated history for: Proverbs_Chapter_9.mp4
Processing pending upload: Proverbs_Chapter_10.mp4
Starting upload for: Proverbs Chapter 10 (NIRV)
Uploading file...
Video id '_W_AdfVBD8A' was successfully uploaded.
Successfully uploaded and updated history for: Proverbs_Chapter_10.mp4
Processing pending upload: Proverbs_Chapter_11.mp4
Starting upload for: Proverbs Chapter 11 (NIRV)
Uploading file...
Video id 'hzefuYkIWgs' was successfully uploaded.
Successfully uploaded and updated history for: Proverbs_Chapter_11.mp4
Processing pending upload: Proverbs_Chapter_12.mp4
Starting upload for: Proverbs Chapter 12 (NIRV)
Uploading file...
Video id '0bG0LfK4jME' was successfully uploaded.
Successfully uploaded and updated history for: Proverbs_Chapter_12.mp4
Processing pending upload: Proverbs_Chapter_13.mp4
Starting upload for: Proverbs Chapter 13 (NIRV)
Uploading file...
Video id '37JZlKUO6eA' was successfully uploaded.
Successfully uploaded and updated history for: Proverbs_Chapter_13.mp4
Processing pending upload: Proverbs_Chapter_14.mp4
Starting upload for: Proverbs Chapter 14 (NIRV)
Uploading file...
Video id 'L9DehmgTbWA' was successfully uploaded.
Successfully uploaded and updated history for: Proverbs_Chapter_14.mp4
Processing pending upload: Proverbs_Chapter_15.mp4
Starting upload for: Proverbs Chapter 15 (NIRV)
Uploading file...
Video id 'a_VGfl0uTNc' was successfully uploaded.
Successfully uploaded and updated history for: Proverbs_Chapter_15.mp4
Processing pending upload: Proverbs_Chapter_16.mp4
Starting upload for: Proverbs Chapter 16 (NIRV)
Uploading file...
Video id 'gx4uxsZrwG0' was successfully uploaded.
Successfully uploaded and updated history for: Proverbs_Chapter_16.mp4
Processing pending upload: Proverbs_Chapter_17.mp4
Starting upload for: Proverbs Chapter 17 (NIRV)
Uploading file...
Video id 'h-VKr1mgq6Y' was successfully uploaded.
Successfully uploaded and updated history for: Proverbs_Chapter_17.mp4
Processing pending upload: Proverbs_Chapter_18.mp4
Starting upload for: Proverbs Chapter 18 (NIRV)
Uploading file...
Video id 'EdhFXD9YQ9k' was successfully uploaded.
Successfully uploaded and updated history for: Proverbs_Chapter_18.mp4
Processing pending upload: Proverbs_Chapter_19.mp4
Starting upload for: Proverbs Chapter 19 (NIRV)
Uploading file...
Video id 'WuPAhgMD4i4' was successfully uploaded.
Successfully uploaded and updated history for: Proverbs_Chapter_19.mp4
Processing pending upload: Proverbs_Chapter_20.mp4
Starting upload for: Proverbs Chapter 20 (NIRV)
Uploading file...
Video id '2vAbkJ6CuvY' was successfully uploaded.
Successfully uploaded and updated history for: Proverbs_Chapter_20.mp4
Processing pending upload: Proverbs_Chapter_21.mp4
Starting upload for: Proverbs Chapter 21 (NIRV)
Uploading file...
Video id 'qPRTUBtj15Q' was successfully uploaded.
Successfully uploaded and updated history for: Proverbs_Chapter_21.mp4
Processing pending upload: Proverbs_Chapter_22.mp4
Starting upload for: Proverbs Chapter 22 (NIRV)
Uploading file...
Video id 'UcPzHWgt_7M' was successfully uploaded.
Successfully uploaded and updated history for: Proverbs_Chapter_22.mp4
Processing pending upload: Proverbs_Chapter_23.mp4
Starting upload for: Proverbs Chapter 23 (NIRV)
Uploading file...
Video id 'tip_IuRkDSI' was successfully uploaded.
Successfully uploaded and updated history for: Proverbs_Chapter_23.mp4
Processing pending upload: Proverbs_Chapter_24.mp4
Starting upload for: Proverbs Chapter 24 (NIRV)
Uploading file...
Video id 'dzuw6AuF3c4' was successfully uploaded.
Successfully uploaded and updated history for: Proverbs_Chapter_24.mp4
Processing pending upload: Proverbs_Chapter_25.mp4
Starting upload for: Proverbs Chapter 25 (NIRV)
Uploading file...
Video id 'tCuBA7QA4Us' was successfully uploaded.
Successfully uploaded and updated history for: Proverbs_Chapter_25.mp4
Processing pending upload: Proverbs_Chapter_26.mp4
Starting upload for: Proverbs Chapter 26 (NIRV)
Uploading file...
Video id 'W1aMewhBzds' was successfully uploaded.
Successfully uploaded and updated history for: Proverbs_Chapter_26.mp4
Processing pending upload: Proverbs_Chapter_27.mp4
Starting upload for: Proverbs Chapter 27 (NIRV)
Uploading file...
Video id 'V1AOMPVX3XU' was successfully uploaded.
Successfully uploaded and updated history for: Proverbs_Chapter_27.mp4
Processing pending upload: Proverbs_Chapter_28.mp4
Starting upload for: Proverbs Chapter 28 (NIRV)
Uploading file...
Video id 'g1qJpBeTKOU' was successfully uploaded.
Successfully uploaded and updated history for: Proverbs_Chapter_28.mp4
Processing pending upload: Proverbs_Chapter_29.mp4
Starting upload for: Proverbs Chapter 29 (NIRV)
Uploading file...
Video id '3kHTWKubOhw' was successfully uploaded.
Successfully uploaded and updated history for: Proverbs_Chapter_29.mp4
Processing pending upload: Proverbs_Chapter_30.mp4
Starting upload for: Proverbs Chapter 30 (NIRV)
Uploading file...
Video id 'aItBm1YU_T4' was successfully uploaded.
Successfully uploaded and updated history for: Proverbs_Chapter_30.mp4
Processing pending upload: Proverbs_Chapter_31.mp4
Starting upload for: Proverbs Chapter 31 (NIRV)
Uploading file...
Video id 'qtP8LIVQEEs' was successfully uploaded.
Successfully uploaded and updated history for: Proverbs_Chapter_31.mp4
Processing pending upload: Ecclesiastes_Chapter_1.mp4
Starting upload for: Ecclesiastes Chapter 1 (NIRV)
Uploading file...
Video id 'VPx03H89yLY' was successfully uploaded.
Successfully uploaded and updated history for: Ecclesiastes_Chapter_1.mp4
Processing pending upload: Ecclesiastes_Chapter_2.mp4
Starting upload for: Ecclesiastes Chapter 2 (NIRV)
Uploading file...
Video id 'nCpC8eSlWiE' was successfully uploaded.
Successfully uploaded and updated history for: Ecclesiastes_Chapter_2.mp4
Processing pending upload: Ecclesiastes_Chapter_3.mp4
Starting upload for: Ecclesiastes Chapter 3 (NIRV)
Uploading file...
Video id 'id7T4hTHpcE' was successfully uploaded.
Successfully uploaded and updated history for: Ecclesiastes_Chapter_3.mp4
Processing pending upload: Ecclesiastes_Chapter_4.mp4
Starting upload for: Ecclesiastes Chapter 4 (NIRV)
Uploading file...
Video id '9hl4se6RCuw' was successfully uploaded.
Successfully uploaded and updated history for: Ecclesiastes_Chapter_4.mp4
Processing pending upload: Ecclesiastes_Chapter_5.mp4
Starting upload for: Ecclesiastes Chapter 5 (NIRV)
Uploading file...
Video id 'S-aNJEuH-7Q' was successfully uploaded.
Successfully uploaded and updated history for: Ecclesiastes_Chapter_5.mp4
Processing pending upload: Ecclesiastes_Chapter_6.mp4
Starting upload for: Ecclesiastes Chapter 6 (NIRV)
Uploading file...
Video id 'Ri0CdCZRXzE' was successfully uploaded.
Successfully uploaded and updated history for: Ecclesiastes_Chapter_6.mp4
Processing pending upload: Ecclesiastes_Chapter_7.mp4
Starting upload for: Ecclesiastes Chapter 7 (NIRV)
Uploading file...
Video id 'JpwWPE9hqGM' was successfully uploaded.
Successfully uploaded and updated history for: Ecclesiastes_Chapter_7.mp4
Processing pending upload: Ecclesiastes_Chapter_8.mp4
Starting upload for: Ecclesiastes Chapter 8 (NIRV)
Uploading file...
Video id '105UCcyKUU4' was successfully uploaded.
Successfully uploaded and updated history for: Ecclesiastes_Chapter_8.mp4
Processing pending upload: Ecclesiastes_Chapter_9.mp4
Starting upload for: Ecclesiastes Chapter 9 (NIRV)
Uploading file...
Video id 'fgwU-E7dmeg' was successfully uploaded.
Successfully uploaded and updated history for: Ecclesiastes_Chapter_9.mp4
Processing pending upload: Ecclesiastes_Chapter_10.mp4
Starting upload for: Ecclesiastes Chapter 10 (NIRV)
Uploading file...
Video id 'kgMiQdf-6oI' was successfully uploaded.
Successfully uploaded and updated history for: Ecclesiastes_Chapter_10.mp4
Processing pending upload: Ecclesiastes_Chapter_11.mp4
Starting upload for: Ecclesiastes Chapter 11 (NIRV)
Uploading file...
Video id '3QBwxHRRNDg' was successfully uploaded.
Successfully uploaded and updated history for: Ecclesiastes_Chapter_11.mp4
Processing pending upload: Ecclesiastes_Chapter_12.mp4
Starting upload for: Ecclesiastes Chapter 12 (NIRV)
Uploading file...
Video id 'ldONxlJqF8w' was successfully uploaded.
Successfully uploaded and updated history for: Ecclesiastes_Chapter_12.mp4
Processing pending upload: Song_of_Solomon_Chapter_1.mp4
Starting upload for: Song of Solomon Chapter 1 (NIRV)
Uploading file...
Video id 'fVfnaxj8OeE' was successfully uploaded.
Successfully uploaded and updated history for: Song_of_Solomon_Chapter_1.mp4
Processing pending upload: Song_of_Solomon_Chapter_2.mp4
Starting upload for: Song of Solomon Chapter 2 (NIRV)
Uploading file...
Video id 'j7rtswge5Ic' was successfully uploaded.
Successfully uploaded and updated history for: Song_of_Solomon_Chapter_2.mp4
Processing pending upload: Song_of_Solomon_Chapter_3.mp4
Starting upload for: Song of Solomon Chapter 3 (NIRV)
Uploading file...
Video id 'SrGZOQLbr3I' was successfully uploaded.
Successfully uploaded and updated history for: Song_of_Solomon_Chapter_3.mp4
Processing pending upload: Song_of_Solomon_Chapter_4.mp4
Starting upload for: Song of Solomon Chapter 4 (NIRV)
Uploading file...
Video id 'UWkD5x40uxk' was successfully uploaded.
Successfully uploaded and updated history for: Song_of_Solomon_Chapter_4.mp4
Processing pending upload: Song_of_Solomon_Chapter_5.mp4
Starting upload for: Song of Solomon Chapter 5 (NIRV)
Uploading file...
Video id 'Sx9GevfVhxM' was successfully uploaded.
Successfully uploaded and updated history for: Song_of_Solomon_Chapter_5.mp4
Processing pending upload: Song_of_Solomon_Chapter_6.mp4
Starting upload for: Song of Solomon Chapter 6 (NIRV)
Uploading file...
Video id '6zwb5u9b-jg' was successfully uploaded.
Successfully uploaded and updated history for: Song_of_Solomon_Chapter_6.mp4
Processing pending upload: Song_of_Solomon_Chapter_7.mp4
Starting upload for: Song of Solomon Chapter 7 (NIRV)
Uploading file...
Video id '81uYwPJTf5E' was successfully uploaded.
Successfully uploaded and updated history for: Song_of_Solomon_Chapter_7.mp4
Processing pending upload: Song_of_Solomon_Chapter_8.mp4
Starting upload for: Song of Solomon Chapter 8 (NIRV)
Uploading file...
Video id 'NcOPoWvNr9E' was successfully uploaded.
Successfully uploaded and updated history for: Song_of_Solomon_Chapter_8.mp4
Processing pending upload: Isaiah_Chapter_1.mp4
Starting upload for: Isaiah Chapter 1 (NIRV)
Uploading file...
Video id 'f_Myo5X6h2Y' was successfully uploaded.
Successfully uploaded and updated history for: Isaiah_Chapter_1.mp4
Processing pending upload: Isaiah_Chapter_2.mp4
Starting upload for: Isaiah Chapter 2 (NIRV)
Uploading file...
Video id 'uChVYRJTDHw' was successfully uploaded.
Successfully uploaded and updated history for: Isaiah_Chapter_2.mp4
Processing pending upload: Isaiah_Chapter_3.mp4
Starting upload for: Isaiah Chapter 3 (NIRV)
Uploading file...
Video id 'wsj_Hz_gsvk' was successfully uploaded.
Successfully uploaded and updated history for: Isaiah_Chapter_3.mp4
Processing pending upload: Isaiah_Chapter_4.mp4
Starting upload for: Isaiah Chapter 4 (NIRV)
Uploading file...
Video id 'gAtyQyS7wyA' was successfully uploaded.
Successfully uploaded and updated history for: Isaiah_Chapter_4.mp4
Processing pending upload: Isaiah_Chapter_5.mp4
Starting upload for: Isaiah Chapter 5 (NIRV)
Uploading file...
Video id 'y7RKUz4Evd8' was successfully uploaded.
Successfully uploaded and updated history for: Isaiah_Chapter_5.mp4
Processing pending upload: Isaiah_Chapter_6.mp4
Starting upload for: Isaiah Chapter 6 (NIRV)
Uploading file...
Video id 'q1RBcybPowo' was successfully uploaded.
Successfully uploaded and updated history for: Isaiah_Chapter_6.mp4
Processing pending upload: Isaiah_Chapter_7.mp4
Starting upload for: Isaiah Chapter 7 (NIRV)
Uploading file...
Video id 'RItFgyzOdg0' was successfully uploaded.
Successfully uploaded and updated history for: Isaiah_Chapter_7.mp4
Processing pending upload: Isaiah_Chapter_8.mp4
Starting upload for: Isaiah Chapter 8 (NIRV)
Uploading file...
Video id 'yraZ3Gzy_RU' was successfully uploaded.
Successfully uploaded and updated history for: Isaiah_Chapter_8.mp4
Processing pending upload: Isaiah_Chapter_9.mp4
Starting upload for: Isaiah Chapter 9 (NIRV)
Uploading file...
Video id 'xFcFVgsjo4g' was successfully uploaded.
Successfully uploaded and updated history for: Isaiah_Chapter_9.mp4
Processing pending upload: Isaiah_Chapter_10.mp4
Starting upload for: Isaiah Chapter 10 (NIRV)
Uploading file...
Video id 'yYEN8Xk2oAo' was successfully uploaded.
Successfully uploaded and updated history for: Isaiah_Chapter_10.mp4
Processing pending upload: Isaiah_Chapter_11.mp4
Starting upload for: Isaiah Chapter 11 (NIRV)
Uploading file...
Video id 'fu1c9IZ5aL0' was successfully uploaded.
Successfully uploaded and updated history for: Isaiah_Chapter_11.mp4
Processing pending upload: Isaiah_Chapter_12.mp4
Starting upload for: Isaiah Chapter 12 (NIRV)
Uploading file...
Video id 'lzyE4iy2M4I' was successfully uploaded.
Successfully uploaded and updated history for: Isaiah_Chapter_12.mp4
Processing pending upload: Isaiah_Chapter_13.mp4
Starting upload for: Isaiah Chapter 13 (NIRV)
Uploading file...
Video id 'sKYU8PAuCFk' was successfully uploaded.
Successfully uploaded and updated history for: Isaiah_Chapter_13.mp4
Processing pending upload: Isaiah_Chapter_14.mp4
Starting upload for: Isaiah Chapter 14 (NIRV)
Uploading file...
Video id 'gH4unybzS0E' was successfully uploaded.
Successfully uploaded and updated history for: Isaiah_Chapter_14.mp4
Processing pending upload: Isaiah_Chapter_15.mp4
Starting upload for: Isaiah Chapter 15 (NIRV)
Uploading file...
Video id 'IUm4sXdsADQ' was successfully uploaded.
Successfully uploaded and updated history for: Isaiah_Chapter_15.mp4
Processing pending upload: Isaiah_Chapter_16.mp4
Starting upload for: Isaiah Chapter 16 (NIRV)
Uploading file...
Video id 'fiR_uG1LD_A' was successfully uploaded.
Successfully uploaded and updated history for: Isaiah_Chapter_16.mp4
Processing pending upload: Isaiah_Chapter_17.mp4
Starting upload for: Isaiah Chapter 17 (NIRV)
Uploading file...
Failed to upload Isaiah_Chapter_17.mp4: <HttpError 403 when requesting None returned "The request cannot be completed because you have exceeded your <a href="/youtube/v3/getting-started#quota">quota</a>.". Details: "[{'message': 'The request cannot be completed because you have exceeded your <a href="/youtube/v3/getting-started#quota">quota</a>.', 'domain': 'youtube.quota', 'reason': 'quotaExceeded'}]">
QUOTA/LIMIT ERROR DETECTED. Stopping uploads.
Quota/Limit Exceeded
/Users/dayyoung/Library/Python/3.9/lib/python/site-packages/urllib3/__init__.py:35: NotOpenSSLWarning: urllib3 v2 only supports OpenSSL 1.1.1+, currently the 'ssl' module is compiled with 'LibreSSL 2.8.3'. See: https://github.com/urllib3/urllib3/issues/3020
  warnings.warn(
/Users/dayyoung/Library/Python/3.9/lib/python/site-packages/google/api_core/_python_version_support.py:237: FutureWarning: You are using a non-supported Python version (3.9.6). Google will not post any further updates to google.api_core supporting this Python version. Please upgrade to the latest Python version, or at least Python 3.10, and then update google.api_core.
  warnings.warn(message, FutureWarning)
An error occurred: module 'importlib.metadata' has no attribute 'packages_distributions'
No new videos found in movies folder.
Loaded 1192 videos from history.
Found 494 pending uploads (Sorted by Bible Order).
Processing pending upload: Isaiah_Chapter_17.mp4
Starting upload for: Isaiah Chapter 17 (NIRV)
Uploading file...
Video id 'rlLc7Vp-le8' was successfully uploaded.
Successfully uploaded and updated history for: Isaiah_Chapter_17.mp4
Processing pending upload: Isaiah_Chapter_18.mp4
Starting upload for: Isaiah Chapter 18 (NIRV)
Uploading file...
Video id 'zDol1q6OQOE' was successfully uploaded.
Successfully uploaded and updated history for: Isaiah_Chapter_18.mp4
Processing pending upload: Isaiah_Chapter_19.mp4
Starting upload for: Isaiah Chapter 19 (NIRV)
Uploading file...
Video id 'nolFdykuAGI' was successfully uploaded.
Successfully uploaded and updated history for: Isaiah_Chapter_19.mp4
Processing pending upload: Isaiah_Chapter_20.mp4
Starting upload for: Isaiah Chapter 20 (NIRV)
Uploading file...
Video id 'ABuJ9_22GYc' was successfully uploaded.
Successfully uploaded and updated history for: Isaiah_Chapter_20.mp4
Processing pending upload: Isaiah_Chapter_21.mp4
Starting upload for: Isaiah Chapter 21 (NIRV)
Uploading file...
Video id 'selSHrkJrKw' was successfully uploaded.
Successfully uploaded and updated history for: Isaiah_Chapter_21.mp4
Processing pending upload: Isaiah_Chapter_22.mp4
Starting upload for: Isaiah Chapter 22 (NIRV)
Uploading file...
Video id 'TGL69WmmUKI' was successfully uploaded.
Successfully uploaded and updated history for: Isaiah_Chapter_22.mp4
Processing pending upload: Isaiah_Chapter_23.mp4
Starting upload for: Isaiah Chapter 23 (NIRV)
Uploading file...
Video id 'Uh6U53xaors' was successfully uploaded.
Successfully uploaded and updated history for: Isaiah_Chapter_23.mp4
Processing pending upload: Isaiah_Chapter_24.mp4
Starting upload for: Isaiah Chapter 24 (NIRV)
Uploading file...
Video id 'zK5vWHbiDYU' was successfully uploaded.
Successfully uploaded and updated history for: Isaiah_Chapter_24.mp4
Processing pending upload: Isaiah_Chapter_25.mp4
Starting upload for: Isaiah Chapter 25 (NIRV)
Uploading file...
Video id 'UwF5Mqg7rNM' was successfully uploaded.
Successfully uploaded and updated history for: Isaiah_Chapter_25.mp4
Processing pending upload: Isaiah_Chapter_26.mp4
Starting upload for: Isaiah Chapter 26 (NIRV)
Uploading file...
Video id 'jdcgnGSdEqQ' was successfully uploaded.
Successfully uploaded and updated history for: Isaiah_Chapter_26.mp4
Processing pending upload: Isaiah_Chapter_27.mp4
Starting upload for: Isaiah Chapter 27 (NIRV)
Uploading file...
Video id 'fguQ_5yhiSQ' was successfully uploaded.
Successfully uploaded and updated history for: Isaiah_Chapter_27.mp4
Processing pending upload: Isaiah_Chapter_28.mp4
Starting upload for: Isaiah Chapter 28 (NIRV)
Uploading file...
Video id '_a4aDYvkCAM' was successfully uploaded.
Successfully uploaded and updated history for: Isaiah_Chapter_28.mp4
Processing pending upload: Isaiah_Chapter_29.mp4
Starting upload for: Isaiah Chapter 29 (NIRV)
Uploading file...
Video id 'QQJMJBI2dJw' was successfully uploaded.
Successfully uploaded and updated history for: Isaiah_Chapter_29.mp4
Processing pending upload: Isaiah_Chapter_30.mp4
Starting upload for: Isaiah Chapter 30 (NIRV)
Uploading file...
Video id 'SREgKi6gMns' was successfully uploaded.
Successfully uploaded and updated history for: Isaiah_Chapter_30.mp4
Processing pending upload: Isaiah_Chapter_31.mp4
Starting upload for: Isaiah Chapter 31 (NIRV)
Uploading file...
Video id '6O73H8rTvgQ' was successfully uploaded.
Successfully uploaded and updated history for: Isaiah_Chapter_31.mp4
Processing pending upload: Isaiah_Chapter_32.mp4
Starting upload for: Isaiah Chapter 32 (NIRV)
Uploading file...
Video id 'oKwusOquw7c' was successfully uploaded.
Successfully uploaded and updated history for: Isaiah_Chapter_32.mp4
Processing pending upload: Isaiah_Chapter_33.mp4
Starting upload for: Isaiah Chapter 33 (NIRV)
Uploading file...
Video id 'fFhOaLR4hwE' was successfully uploaded.
Successfully uploaded and updated history for: Isaiah_Chapter_33.mp4
Processing pending upload: Isaiah_Chapter_34.mp4
Starting upload for: Isaiah Chapter 34 (NIRV)
Uploading file...
Video id 'IhiwDSTXdTU' was successfully uploaded.
Successfully uploaded and updated history for: Isaiah_Chapter_34.mp4
Processing pending upload: Isaiah_Chapter_35.mp4
Starting upload for: Isaiah Chapter 35 (NIRV)
Uploading file...
Video id 'u-9f_34sRgA' was successfully uploaded.
Successfully uploaded and updated history for: Isaiah_Chapter_35.mp4
Processing pending upload: Isaiah_Chapter_36.mp4
Starting upload for: Isaiah Chapter 36 (NIRV)
Uploading file...
Video id 'KTurYgMxIXE' was successfully uploaded.
Successfully uploaded and updated history for: Isaiah_Chapter_36.mp4
Processing pending upload: Isaiah_Chapter_37.mp4
Starting upload for: Isaiah Chapter 37 (NIRV)
Uploading file...
Video id 'NcjNGxGYO3E' was successfully uploaded.
Successfully uploaded and updated history for: Isaiah_Chapter_37.mp4
Processing pending upload: Isaiah_Chapter_38.mp4
Starting upload for: Isaiah Chapter 38 (NIRV)
Uploading file...
Video id 'mCOw-uroDMM' was successfully uploaded.
Successfully uploaded and updated history for: Isaiah_Chapter_38.mp4
Processing pending upload: Isaiah_Chapter_39.mp4
Starting upload for: Isaiah Chapter 39 (NIRV)
Uploading file...
Video id 'y5mFVirj7pU' was successfully uploaded.
Successfully uploaded and updated history for: Isaiah_Chapter_39.mp4
Processing pending upload: Isaiah_Chapter_40.mp4
Starting upload for: Isaiah Chapter 40 (NIRV)
Uploading file...
Video id 'LpI3Oyd7XHE' was successfully uploaded.
Successfully uploaded and updated history for: Isaiah_Chapter_40.mp4
Processing pending upload: Isaiah_Chapter_41.mp4
Starting upload for: Isaiah Chapter 41 (NIRV)
Uploading file...
Video id 'dAXSyjX6rqk' was successfully uploaded.
Successfully uploaded and updated history for: Isaiah_Chapter_41.mp4
Processing pending upload: Isaiah_Chapter_42.mp4
Starting upload for: Isaiah Chapter 42 (NIRV)
Uploading file...
Video id 'dpw4KiPp3d4' was successfully uploaded.
Successfully uploaded and updated history for: Isaiah_Chapter_42.mp4
Processing pending upload: Isaiah_Chapter_43.mp4
Starting upload for: Isaiah Chapter 43 (NIRV)
Uploading file...
Video id 'JzlvvTLEK8Y' was successfully uploaded.
Successfully uploaded and updated history for: Isaiah_Chapter_43.mp4
Processing pending upload: Isaiah_Chapter_44.mp4
Starting upload for: Isaiah Chapter 44 (NIRV)
Uploading file...
Video id 'IJxTuzKxoEE' was successfully uploaded.
Successfully uploaded and updated history for: Isaiah_Chapter_44.mp4
Processing pending upload: Isaiah_Chapter_45.mp4
Starting upload for: Isaiah Chapter 45 (NIRV)
Uploading file...
Video id 'EzM8Xaf3C2E' was successfully uploaded.
Successfully uploaded and updated history for: Isaiah_Chapter_45.mp4
Processing pending upload: Isaiah_Chapter_46.mp4
Starting upload for: Isaiah Chapter 46 (NIRV)
Uploading file...
Video id 'x2e75AerPlE' was successfully uploaded.
Successfully uploaded and updated history for: Isaiah_Chapter_46.mp4
Processing pending upload: Isaiah_Chapter_47.mp4
Starting upload for: Isaiah Chapter 47 (NIRV)
Uploading file...
Video id 'G3O8kHZLmzY' was successfully uploaded.
Successfully uploaded and updated history for: Isaiah_Chapter_47.mp4
Processing pending upload: Isaiah_Chapter_48.mp4
Starting upload for: Isaiah Chapter 48 (NIRV)
Uploading file...
Video id '2AqP-f--oWc' was successfully uploaded.
Successfully uploaded and updated history for: Isaiah_Chapter_48.mp4
Processing pending upload: Isaiah_Chapter_49.mp4
Starting upload for: Isaiah Chapter 49 (NIRV)
Uploading file...
Video id 'h64fVBKQ8WA' was successfully uploaded.
Successfully uploaded and updated history for: Isaiah_Chapter_49.mp4
Processing pending upload: Isaiah_Chapter_50.mp4
Starting upload for: Isaiah Chapter 50 (NIRV)
Uploading file...
Video id 'lLr-8lzRkMQ' was successfully uploaded.
Successfully uploaded and updated history for: Isaiah_Chapter_50.mp4
Processing pending upload: Isaiah_Chapter_51.mp4
Starting upload for: Isaiah Chapter 51 (NIRV)
Uploading file...
Video id '2-R5Q_jIbxs' was successfully uploaded.
Successfully uploaded and updated history for: Isaiah_Chapter_51.mp4
Processing pending upload: Isaiah_Chapter_52.mp4
Starting upload for: Isaiah Chapter 52 (NIRV)
Uploading file...
Video id 'MhLG78b49mc' was successfully uploaded.
Successfully uploaded and updated history for: Isaiah_Chapter_52.mp4
Processing pending upload: Isaiah_Chapter_53.mp4
Starting upload for: Isaiah Chapter 53 (NIRV)
Uploading file...
Video id '2I_ag0hVDIU' was successfully uploaded.
Successfully uploaded and updated history for: Isaiah_Chapter_53.mp4
Processing pending upload: Isaiah_Chapter_54.mp4
Starting upload for: Isaiah Chapter 54 (NIRV)
Uploading file...
Video id 'A3TwE9U4_tw' was successfully uploaded.
Successfully uploaded and updated history for: Isaiah_Chapter_54.mp4
Processing pending upload: Isaiah_Chapter_55.mp4
Starting upload for: Isaiah Chapter 55 (NIRV)
Uploading file...
Video id 'cMxcnO2cGuw' was successfully uploaded.
Successfully uploaded and updated history for: Isaiah_Chapter_55.mp4
Processing pending upload: Isaiah_Chapter_56.mp4
Starting upload for: Isaiah Chapter 56 (NIRV)
Uploading file...
Video id 'aNZKFd16COQ' was successfully uploaded.
Successfully uploaded and updated history for: Isaiah_Chapter_56.mp4
Processing pending upload: Isaiah_Chapter_57.mp4
Starting upload for: Isaiah Chapter 57 (NIRV)
Uploading file...
Video id 'wVK9bFTlUHM' was successfully uploaded.
Successfully uploaded and updated history for: Isaiah_Chapter_57.mp4
Processing pending upload: Isaiah_Chapter_58.mp4
Starting upload for: Isaiah Chapter 58 (NIRV)
Uploading file...
Video id 'kobhzJMTYvs' was successfully uploaded.
Successfully uploaded and updated history for: Isaiah_Chapter_58.mp4
Processing pending upload: Isaiah_Chapter_59.mp4
Starting upload for: Isaiah Chapter 59 (NIRV)
Uploading file...
Video id 'r4p0tXYBv_A' was successfully uploaded.
Successfully uploaded and updated history for: Isaiah_Chapter_59.mp4
Processing pending upload: Isaiah_Chapter_60.mp4
Starting upload for: Isaiah Chapter 60 (NIRV)
Uploading file...
Video id 'PJwkIH4kmg4' was successfully uploaded.
Successfully uploaded and updated history for: Isaiah_Chapter_60.mp4
Processing pending upload: Isaiah_Chapter_61.mp4
Starting upload for: Isaiah Chapter 61 (NIRV)
Uploading file...
Video id 'kUaWCVDRKuY' was successfully uploaded.
Successfully uploaded and updated history for: Isaiah_Chapter_61.mp4
Processing pending upload: Isaiah_Chapter_62.mp4
Starting upload for: Isaiah Chapter 62 (NIRV)
Uploading file...
Video id 'PLPKNPM950o' was successfully uploaded.
Successfully uploaded and updated history for: Isaiah_Chapter_62.mp4
Processing pending upload: Isaiah_Chapter_63.mp4
Starting upload for: Isaiah Chapter 63 (NIRV)
Uploading file...
Video id 'qWzhcsM5d6c' was successfully uploaded.
Successfully uploaded and updated history for: Isaiah_Chapter_63.mp4
Processing pending upload: Isaiah_Chapter_64.mp4
Starting upload for: Isaiah Chapter 64 (NIRV)
Uploading file...
Video id 'RYezIMdDdXs' was successfully uploaded.
Successfully uploaded and updated history for: Isaiah_Chapter_64.mp4
Processing pending upload: Isaiah_Chapter_65.mp4
Starting upload for: Isaiah Chapter 65 (NIRV)
Uploading file...
Video id 'OCcz-NN-GTY' was successfully uploaded.
Successfully uploaded and updated history for: Isaiah_Chapter_65.mp4
Processing pending upload: Isaiah_Chapter_66.mp4
Starting upload for: Isaiah Chapter 66 (NIRV)
Uploading file...
Video id 'ZNsmohOAN2w' was successfully uploaded.
Successfully uploaded and updated history for: Isaiah_Chapter_66.mp4
Processing pending upload: Jeremiah_Chapter_1.mp4
Starting upload for: Jeremiah Chapter 1 (NIRV)
Uploading file...
Video id 'WLHVYa1KCxY' was successfully uploaded.
Successfully uploaded and updated history for: Jeremiah_Chapter_1.mp4
Processing pending upload: Jeremiah_Chapter_2.mp4
Starting upload for: Jeremiah Chapter 2 (NIRV)
Uploading file...
Video id 'Xwd9z3egZsc' was successfully uploaded.
Successfully uploaded and updated history for: Jeremiah_Chapter_2.mp4
Processing pending upload: Jeremiah_Chapter_3.mp4
Starting upload for: Jeremiah Chapter 3 (NIRV)
Uploading file...
Video id 'Wxg5fMOhhec' was successfully uploaded.
Successfully uploaded and updated history for: Jeremiah_Chapter_3.mp4
Processing pending upload: Jeremiah_Chapter_4.mp4
Starting upload for: Jeremiah Chapter 4 (NIRV)
Uploading file...
Video id '_g4gBZquzfo' was successfully uploaded.
Successfully uploaded and updated history for: Jeremiah_Chapter_4.mp4
Processing pending upload: Jeremiah_Chapter_5.mp4
Starting upload for: Jeremiah Chapter 5 (NIRV)
Uploading file...
Video id 'x8d0zqQ4ugA' was successfully uploaded.
Successfully uploaded and updated history for: Jeremiah_Chapter_5.mp4
Processing pending upload: Jeremiah_Chapter_6.mp4
Starting upload for: Jeremiah Chapter 6 (NIRV)
Uploading file...
Video id 'pb2gkvKGewo' was successfully uploaded.
Successfully uploaded and updated history for: Jeremiah_Chapter_6.mp4
Processing pending upload: Jeremiah_Chapter_7.mp4
Starting upload for: Jeremiah Chapter 7 (NIRV)
Uploading file...
Video id 'qYx3chO2fww' was successfully uploaded.
Successfully uploaded and updated history for: Jeremiah_Chapter_7.mp4
Processing pending upload: Jeremiah_Chapter_8.mp4
Starting upload for: Jeremiah Chapter 8 (NIRV)
Uploading file...
Video id 'czzd7oUWyhI' was successfully uploaded.
Successfully uploaded and updated history for: Jeremiah_Chapter_8.mp4
Processing pending upload: Jeremiah_Chapter_9.mp4
Starting upload for: Jeremiah Chapter 9 (NIRV)
Uploading file...
Video id 'k_1gVBM68nc' was successfully uploaded.
Successfully uploaded and updated history for: Jeremiah_Chapter_9.mp4
Processing pending upload: Jeremiah_Chapter_10.mp4
Starting upload for: Jeremiah Chapter 10 (NIRV)
Uploading file...
Video id 'u5FrO7e9Hys' was successfully uploaded.
Successfully uploaded and updated history for: Jeremiah_Chapter_10.mp4
Processing pending upload: Jeremiah_Chapter_11.mp4
Starting upload for: Jeremiah Chapter 11 (NIRV)
Uploading file...
Video id '95v-FPKdWrE' was successfully uploaded.
Successfully uploaded and updated history for: Jeremiah_Chapter_11.mp4
Processing pending upload: Jeremiah_Chapter_12.mp4
Starting upload for: Jeremiah Chapter 12 (NIRV)
Uploading file...
Video id 'r4t5bYgYyJU' was successfully uploaded.
Successfully uploaded and updated history for: Jeremiah_Chapter_12.mp4
Processing pending upload: Jeremiah_Chapter_13.mp4
Starting upload for: Jeremiah Chapter 13 (NIRV)
Uploading file...
Video id 'bmfu9yh23UQ' was successfully uploaded.
Successfully uploaded and updated history for: Jeremiah_Chapter_13.mp4
Processing pending upload: Jeremiah_Chapter_14.mp4
Starting upload for: Jeremiah Chapter 14 (NIRV)
Uploading file...
Video id 'Iidfwj1ZmCs' was successfully uploaded.
Successfully uploaded and updated history for: Jeremiah_Chapter_14.mp4
Processing pending upload: Jeremiah_Chapter_15.mp4
Starting upload for: Jeremiah Chapter 15 (NIRV)
Uploading file...
Video id 'Y2hKy7ffCuM' was successfully uploaded.
Successfully uploaded and updated history for: Jeremiah_Chapter_15.mp4
Processing pending upload: Jeremiah_Chapter_16.mp4
Starting upload for: Jeremiah Chapter 16 (NIRV)
Uploading file...
Video id 'P-oPn6StNXI' was successfully uploaded.
Successfully uploaded and updated history for: Jeremiah_Chapter_16.mp4
Processing pending upload: Jeremiah_Chapter_17.mp4
Starting upload for: Jeremiah Chapter 17 (NIRV)
Uploading file...
Video id 'rUirDt87Tf0' was successfully uploaded.
Successfully uploaded and updated history for: Jeremiah_Chapter_17.mp4
Processing pending upload: Jeremiah_Chapter_18.mp4
Starting upload for: Jeremiah Chapter 18 (NIRV)
Uploading file...
Video id 'csxrHL3YRpc' was successfully uploaded.
Successfully uploaded and updated history for: Jeremiah_Chapter_18.mp4
Processing pending upload: Jeremiah_Chapter_19.mp4
Starting upload for: Jeremiah Chapter 19 (NIRV)
Uploading file...
Video id 'RhOK2cAJDF0' was successfully uploaded.
Successfully uploaded and updated history for: Jeremiah_Chapter_19.mp4
Processing pending upload: Jeremiah_Chapter_20.mp4
Starting upload for: Jeremiah Chapter 20 (NIRV)
Uploading file...
Video id 'rzA43HB7-RU' was successfully uploaded.
Successfully uploaded and updated history for: Jeremiah_Chapter_20.mp4
Processing pending upload: Jeremiah_Chapter_21.mp4
Starting upload for: Jeremiah Chapter 21 (NIRV)
Uploading file...
Video id 'Syoyekyv6HI' was successfully uploaded.
Successfully uploaded and updated history for: Jeremiah_Chapter_21.mp4
Processing pending upload: Jeremiah_Chapter_22.mp4
Starting upload for: Jeremiah Chapter 22 (NIRV)
Uploading file...
Video id '9_o9K2Z7Rv8' was successfully uploaded.
Successfully uploaded and updated history for: Jeremiah_Chapter_22.mp4
Processing pending upload: Jeremiah_Chapter_23.mp4
Starting upload for: Jeremiah Chapter 23 (NIRV)
Uploading file...
Video id 'tem8a6z4wPI' was successfully uploaded.
Successfully uploaded and updated history for: Jeremiah_Chapter_23.mp4
Processing pending upload: Jeremiah_Chapter_24.mp4
Starting upload for: Jeremiah Chapter 24 (NIRV)
Uploading file...
Video id 'GoHGxiku7Bo' was successfully uploaded.
Successfully uploaded and updated history for: Jeremiah_Chapter_24.mp4
Processing pending upload: Jeremiah_Chapter_25.mp4
Starting upload for: Jeremiah Chapter 25 (NIRV)
Uploading file...
Video id '1zmjIXfGngg' was successfully uploaded.
Successfully uploaded and updated history for: Jeremiah_Chapter_25.mp4
Processing pending upload: Jeremiah_Chapter_26.mp4
Starting upload for: Jeremiah Chapter 26 (NIRV)
Uploading file...
Video id 'awDbx1XuA44' was successfully uploaded.
Successfully uploaded and updated history for: Jeremiah_Chapter_26.mp4
Processing pending upload: Jeremiah_Chapter_27.mp4
Starting upload for: Jeremiah Chapter 27 (NIRV)
Uploading file...
Video id 's7Qv97zbiYI' was successfully uploaded.
Successfully uploaded and updated history for: Jeremiah_Chapter_27.mp4
Processing pending upload: Jeremiah_Chapter_28.mp4
Starting upload for: Jeremiah Chapter 28 (NIRV)
Uploading file...
Video id '1CzRChZkGyc' was successfully uploaded.
Successfully uploaded and updated history for: Jeremiah_Chapter_28.mp4
Processing pending upload: Jeremiah_Chapter_29.mp4
Starting upload for: Jeremiah Chapter 29 (NIRV)
Uploading file...
Video id 'hwO4IENVdn0' was successfully uploaded.
Successfully uploaded and updated history for: Jeremiah_Chapter_29.mp4
Processing pending upload: Jeremiah_Chapter_30.mp4
Starting upload for: Jeremiah Chapter 30 (NIRV)
Uploading file...
Video id '0bZemoT5e7k' was successfully uploaded.
Successfully uploaded and updated history for: Jeremiah_Chapter_30.mp4
Processing pending upload: Jeremiah_Chapter_31.mp4
Starting upload for: Jeremiah Chapter 31 (NIRV)
Uploading file...
Video id 'q6DX1e1008Y' was successfully uploaded.
Successfully uploaded and updated history for: Jeremiah_Chapter_31.mp4
Processing pending upload: Jeremiah_Chapter_32.mp4
Starting upload for: Jeremiah Chapter 32 (NIRV)
Uploading file...
Video id 'Wez2mHjV4vY' was successfully uploaded.
Successfully uploaded and updated history for: Jeremiah_Chapter_32.mp4
Processing pending upload: Jeremiah_Chapter_33.mp4
Starting upload for: Jeremiah Chapter 33 (NIRV)
Uploading file...
Video id 'obmOuKl1llo' was successfully uploaded.
Successfully uploaded and updated history for: Jeremiah_Chapter_33.mp4
Processing pending upload: Jeremiah_Chapter_34.mp4
Starting upload for: Jeremiah Chapter 34 (NIRV)
Uploading file...
Video id 'qz1wGHW-VPg' was successfully uploaded.
Successfully uploaded and updated history for: Jeremiah_Chapter_34.mp4
Processing pending upload: Jeremiah_Chapter_35.mp4
Starting upload for: Jeremiah Chapter 35 (NIRV)
Uploading file...
Video id 'RxFzlZjYetY' was successfully uploaded.
Successfully uploaded and updated history for: Jeremiah_Chapter_35.mp4
Processing pending upload: Jeremiah_Chapter_36.mp4
Starting upload for: Jeremiah Chapter 36 (NIRV)
Uploading file...
Video id 'W8_JsTPGEW8' was successfully uploaded.
Successfully uploaded and updated history for: Jeremiah_Chapter_36.mp4
Processing pending upload: Jeremiah_Chapter_37.mp4
Starting upload for: Jeremiah Chapter 37 (NIRV)
Uploading file...
Video id 'dj2ckbdEwPg' was successfully uploaded.
Successfully uploaded and updated history for: Jeremiah_Chapter_37.mp4
Processing pending upload: Jeremiah_Chapter_38.mp4
Starting upload for: Jeremiah Chapter 38 (NIRV)
Uploading file...
Video id '5sRDotNPVYg' was successfully uploaded.
Successfully uploaded and updated history for: Jeremiah_Chapter_38.mp4
Processing pending upload: Jeremiah_Chapter_39.mp4
Starting upload for: Jeremiah Chapter 39 (NIRV)
Uploading file...
Video id 'TDSzv-0N1ic' was successfully uploaded.
Successfully uploaded and updated history for: Jeremiah_Chapter_39.mp4
Processing pending upload: Jeremiah_Chapter_40.mp4
Starting upload for: Jeremiah Chapter 40 (NIRV)
Uploading file...
Video id 'RKBd1dDCxXQ' was successfully uploaded.
Successfully uploaded and updated history for: Jeremiah_Chapter_40.mp4
Processing pending upload: Jeremiah_Chapter_41.mp4
Starting upload for: Jeremiah Chapter 41 (NIRV)
Uploading file...
Video id '9O9JWm18mKs' was successfully uploaded.
Successfully uploaded and updated history for: Jeremiah_Chapter_41.mp4
Processing pending upload: Jeremiah_Chapter_42.mp4
Starting upload for: Jeremiah Chapter 42 (NIRV)
Uploading file...
Video id 'o5bLSeYOpFw' was successfully uploaded.
Successfully uploaded and updated history for: Jeremiah_Chapter_42.mp4
Processing pending upload: Jeremiah_Chapter_43.mp4
Starting upload for: Jeremiah Chapter 43 (NIRV)
Uploading file...
Video id 'OC7RrTYeiJE' was successfully uploaded.
Successfully uploaded and updated history for: Jeremiah_Chapter_43.mp4
Processing pending upload: Jeremiah_Chapter_44.mp4
Starting upload for: Jeremiah Chapter 44 (NIRV)
Uploading file...
Video id 'MOJFJUatWTM' was successfully uploaded.
Successfully uploaded and updated history for: Jeremiah_Chapter_44.mp4
Processing pending upload: Jeremiah_Chapter_45.mp4
Starting upload for: Jeremiah Chapter 45 (NIRV)
Uploading file...
Video id 'kfVcqQCYQBk' was successfully uploaded.
Successfully uploaded and updated history for: Jeremiah_Chapter_45.mp4
Processing pending upload: Jeremiah_Chapter_46.mp4
Starting upload for: Jeremiah Chapter 46 (NIRV)
Uploading file...
Video id 'iGtsN7EKnxc' was successfully uploaded.
Successfully uploaded and updated history for: Jeremiah_Chapter_46.mp4
Processing pending upload: Jeremiah_Chapter_47.mp4
Starting upload for: Jeremiah Chapter 47 (NIRV)
Uploading file...
Video id 'MnbUuqSjLPE' was successfully uploaded.
Successfully uploaded and updated history for: Jeremiah_Chapter_47.mp4
Processing pending upload: Jeremiah_Chapter_48.mp4
Starting upload for: Jeremiah Chapter 48 (NIRV)
Uploading file...
Video id 'xoI1c_ZpDwg' was successfully uploaded.
Successfully uploaded and updated history for: Jeremiah_Chapter_48.mp4
Processing pending upload: Jeremiah_Chapter_49.mp4
Starting upload for: Jeremiah Chapter 49 (NIRV)
Uploading file...
Video id 'tki7KIYfsOg' was successfully uploaded.
Successfully uploaded and updated history for: Jeremiah_Chapter_49.mp4
Processing pending upload: Jeremiah_Chapter_50.mp4
Starting upload for: Jeremiah Chapter 50 (NIRV)
Uploading file...
Video id '5MOnxJaqxw4' was successfully uploaded.
Successfully uploaded and updated history for: Jeremiah_Chapter_50.mp4
Processing pending upload: Jeremiah_Chapter_51.mp4
Starting upload for: Jeremiah Chapter 51 (NIRV)
Uploading file...
Failed to upload Jeremiah_Chapter_51.mp4: <HttpError 403 when requesting None returned "The request cannot be completed because you have exceeded your <a href="/youtube/v3/getting-started#quota">quota</a>.". Details: "[{'message': 'The request cannot be completed because you have exceeded your <a href="/youtube/v3/getting-started#quota">quota</a>.', 'domain': 'youtube.quota', 'reason': 'quotaExceeded'}]">
QUOTA/LIMIT ERROR DETECTED. Stopping uploads.
Quota/Limit Exceeded
/Users/dayyoung/Library/Python/3.9/lib/python/site-packages/urllib3/__init__.py:35: NotOpenSSLWarning: urllib3 v2 only supports OpenSSL 1.1.1+, currently the 'ssl' module is compiled with 'LibreSSL 2.8.3'. See: https://github.com/urllib3/urllib3/issues/3020
  warnings.warn(
/Users/dayyoung/Library/Python/3.9/lib/python/site-packages/google/api_core/_python_version_support.py:237: FutureWarning: You are using a non-supported Python version (3.9.6). Google will not post any further updates to google.api_core supporting this Python version. Please upgrade to the latest Python version, or at least Python 3.10, and then update google.api_core.
  warnings.warn(message, FutureWarning)
An error occurred: module 'importlib.metadata' has no attribute 'packages_distributions'
No new videos found in movies folder.
Loaded 1192 videos from history.
Found 394 pending uploads (Sorted by Bible Order).
Processing pending upload: Jeremiah_Chapter_51.mp4
Starting upload for: Jeremiah Chapter 51 (NIRV)
Uploading file...
Video id 'Zqk3NqAJUbQ' was successfully uploaded.
Successfully uploaded and updated history for: Jeremiah_Chapter_51.mp4
Processing pending upload: Jeremiah_Chapter_52.mp4
Starting upload for: Jeremiah Chapter 52 (NIRV)
Uploading file...
Video id 'IBc9B10YW50' was successfully uploaded.
Successfully uploaded and updated history for: Jeremiah_Chapter_52.mp4
Processing pending upload: Lamentations_Chapter_1.mp4
Starting upload for: Lamentations Chapter 1 (NIRV)
Uploading file...
Video id '9lEEQk5k-5E' was successfully uploaded.
Successfully uploaded and updated history for: Lamentations_Chapter_1.mp4
Processing pending upload: Lamentations_Chapter_2.mp4
Starting upload for: Lamentations Chapter 2 (NIRV)
Uploading file...
Video id 'UFHHYrZEdl0' was successfully uploaded.
Successfully uploaded and updated history for: Lamentations_Chapter_2.mp4
Processing pending upload: Lamentations_Chapter_3.mp4
Starting upload for: Lamentations Chapter 3 (NIRV)
Uploading file...
Video id 'TzRYSkq718A' was successfully uploaded.
Successfully uploaded and updated history for: Lamentations_Chapter_3.mp4
Processing pending upload: Lamentations_Chapter_4.mp4
Starting upload for: Lamentations Chapter 4 (NIRV)
Uploading file...
Video id 'KtbVuHeB1Ts' was successfully uploaded.
Successfully uploaded and updated history for: Lamentations_Chapter_4.mp4
Processing pending upload: Lamentations_Chapter_5.mp4
Starting upload for: Lamentations Chapter 5 (NIRV)
Uploading file...
Video id 'ozXoApGfjWw' was successfully uploaded.
Successfully uploaded and updated history for: Lamentations_Chapter_5.mp4
Processing pending upload: Ezekiel_Chapter_1.mp4
Starting upload for: Ezekiel Chapter 1 (NIRV)
Uploading file...
Video id 'Xnq25p0AvgI' was successfully uploaded.
Successfully uploaded and updated history for: Ezekiel_Chapter_1.mp4
Processing pending upload: Ezekiel_Chapter_2.mp4
Starting upload for: Ezekiel Chapter 2 (NIRV)
Uploading file...
Video id 'XJDUlR67Kus' was successfully uploaded.
Successfully uploaded and updated history for: Ezekiel_Chapter_2.mp4
Processing pending upload: Ezekiel_Chapter_3.mp4
Starting upload for: Ezekiel Chapter 3 (NIRV)
Uploading file...
Video id 'ILtQVWTeFkU' was successfully uploaded.
Successfully uploaded and updated history for: Ezekiel_Chapter_3.mp4
Processing pending upload: Ezekiel_Chapter_4.mp4
Starting upload for: Ezekiel Chapter 4 (NIRV)
Uploading file...
Video id 'qVfSwJN9RVI' was successfully uploaded.
Successfully uploaded and updated history for: Ezekiel_Chapter_4.mp4
Processing pending upload: Ezekiel_Chapter_5.mp4
Starting upload for: Ezekiel Chapter 5 (NIRV)
Uploading file...
Video id '06EVY1_Ri3A' was successfully uploaded.
Successfully uploaded and updated history for: Ezekiel_Chapter_5.mp4
Processing pending upload: Ezekiel_Chapter_6.mp4
Starting upload for: Ezekiel Chapter 6 (NIRV)
Uploading file...
Video id '9qH5MtejOcc' was successfully uploaded.
Successfully uploaded and updated history for: Ezekiel_Chapter_6.mp4
Processing pending upload: Ezekiel_Chapter_7.mp4
Starting upload for: Ezekiel Chapter 7 (NIRV)
Uploading file...
Video id 'Jf2l7KmEXls' was successfully uploaded.
Successfully uploaded and updated history for: Ezekiel_Chapter_7.mp4
Processing pending upload: Ezekiel_Chapter_8.mp4
Starting upload for: Ezekiel Chapter 8 (NIRV)
Uploading file...
Video id 'is9M-wnRgE4' was successfully uploaded.
Successfully uploaded and updated history for: Ezekiel_Chapter_8.mp4
Processing pending upload: Ezekiel_Chapter_9.mp4
Starting upload for: Ezekiel Chapter 9 (NIRV)
Uploading file...
Video id 'kdN_01MrSeE' was successfully uploaded.
Successfully uploaded and updated history for: Ezekiel_Chapter_9.mp4
Processing pending upload: Ezekiel_Chapter_10.mp4
Starting upload for: Ezekiel Chapter 10 (NIRV)
Uploading file...
Video id '9r3yZbw85vc' was successfully uploaded.
Successfully uploaded and updated history for: Ezekiel_Chapter_10.mp4
Processing pending upload: Ezekiel_Chapter_11.mp4
Starting upload for: Ezekiel Chapter 11 (NIRV)
Uploading file...
Video id 'ARC5rsIQW6Y' was successfully uploaded.
Successfully uploaded and updated history for: Ezekiel_Chapter_11.mp4
Processing pending upload: Ezekiel_Chapter_12.mp4
Starting upload for: Ezekiel Chapter 12 (NIRV)
Uploading file...
Video id 'hvsd-0M8bFc' was successfully uploaded.
Successfully uploaded and updated history for: Ezekiel_Chapter_12.mp4
Processing pending upload: Ezekiel_Chapter_13.mp4
Starting upload for: Ezekiel Chapter 13 (NIRV)
Uploading file...
Video id 'E40Pry4amSU' was successfully uploaded.
Successfully uploaded and updated history for: Ezekiel_Chapter_13.mp4
Processing pending upload: Ezekiel_Chapter_14.mp4
Starting upload for: Ezekiel Chapter 14 (NIRV)
Uploading file...
Video id 'n6Dk4WJlQp4' was successfully uploaded.
Successfully uploaded and updated history for: Ezekiel_Chapter_14.mp4
Processing pending upload: Ezekiel_Chapter_15.mp4
Starting upload for: Ezekiel Chapter 15 (NIRV)
Uploading file...
A retriable error occurred: The read operation timed out
Sleeping 1.024194307393524 seconds and then retrying...
Uploading file...
Video id 'lbPuNV8VSAo' was successfully uploaded.
Successfully uploaded and updated history for: Ezekiel_Chapter_15.mp4
Processing pending upload: Ezekiel_Chapter_16.mp4
Starting upload for: Ezekiel Chapter 16 (NIRV)
Uploading file...
Video id 'E3h4dht-97Q' was successfully uploaded.
Successfully uploaded and updated history for: Ezekiel_Chapter_16.mp4
Processing pending upload: Ezekiel_Chapter_17.mp4
Starting upload for: Ezekiel Chapter 17 (NIRV)
Uploading file...
Video id 'A2AVoGxpcZQ' was successfully uploaded.
Successfully uploaded and updated history for: Ezekiel_Chapter_17.mp4
Processing pending upload: Ezekiel_Chapter_18.mp4
Starting upload for: Ezekiel Chapter 18 (NIRV)
Uploading file...
Video id 'tiWf2I5Zha4' was successfully uploaded.
Successfully uploaded and updated history for: Ezekiel_Chapter_18.mp4
Processing pending upload: Ezekiel_Chapter_19.mp4
Starting upload for: Ezekiel Chapter 19 (NIRV)
Uploading file...
Video id 'i1XfFtDkACU' was successfully uploaded.
Successfully uploaded and updated history for: Ezekiel_Chapter_19.mp4
Processing pending upload: Ezekiel_Chapter_20.mp4
Starting upload for: Ezekiel Chapter 20 (NIRV)
Uploading file...
Video id '_c5-4hyF1GQ' was successfully uploaded.
Successfully uploaded and updated history for: Ezekiel_Chapter_20.mp4
Processing pending upload: Ezekiel_Chapter_21.mp4
Starting upload for: Ezekiel Chapter 21 (NIRV)
Uploading file...
Video id 'U7y1MDsT-Kg' was successfully uploaded.
Successfully uploaded and updated history for: Ezekiel_Chapter_21.mp4
Processing pending upload: Ezekiel_Chapter_22.mp4
Starting upload for: Ezekiel Chapter 22 (NIRV)
Uploading file...
Video id 'viHrPD4O-go' was successfully uploaded.
Successfully uploaded and updated history for: Ezekiel_Chapter_22.mp4
Processing pending upload: Ezekiel_Chapter_23.mp4
Starting upload for: Ezekiel Chapter 23 (NIRV)
Uploading file...
Video id 'HNFWaYV_Y5E' was successfully uploaded.
Successfully uploaded and updated history for: Ezekiel_Chapter_23.mp4
Processing pending upload: Ezekiel_Chapter_24.mp4
Starting upload for: Ezekiel Chapter 24 (NIRV)
Uploading file...
Video id 'JvKAOhj5NTM' was successfully uploaded.
Successfully uploaded and updated history for: Ezekiel_Chapter_24.mp4
Processing pending upload: Ezekiel_Chapter_25.mp4
Starting upload for: Ezekiel Chapter 25 (NIRV)
Uploading file...
A retriable error occurred: The read operation timed out
Sleeping 0.443247797285341 seconds and then retrying...
Uploading file...
Video id 'Z0LPdVLY0iM' was successfully uploaded.
Successfully uploaded and updated history for: Ezekiel_Chapter_25.mp4
Processing pending upload: Ezekiel_Chapter_26.mp4
Starting upload for: Ezekiel Chapter 26 (NIRV)
Uploading file...
Video id 'q6-V-v4hFYc' was successfully uploaded.
Successfully uploaded and updated history for: Ezekiel_Chapter_26.mp4
Processing pending upload: Ezekiel_Chapter_27.mp4
Starting upload for: Ezekiel Chapter 27 (NIRV)
Uploading file...
Video id 'OTWp3Gdo1QE' was successfully uploaded.
Successfully uploaded and updated history for: Ezekiel_Chapter_27.mp4
Processing pending upload: Ezekiel_Chapter_28.mp4
Starting upload for: Ezekiel Chapter 28 (NIRV)
Uploading file...
Video id '33eCMgSofnk' was successfully uploaded.
Successfully uploaded and updated history for: Ezekiel_Chapter_28.mp4
Processing pending upload: Ezekiel_Chapter_29.mp4
Starting upload for: Ezekiel Chapter 29 (NIRV)
Uploading file...
Video id 'K9rNvraB50k' was successfully uploaded.
Successfully uploaded and updated history for: Ezekiel_Chapter_29.mp4
Processing pending upload: Ezekiel_Chapter_30.mp4
Starting upload for: Ezekiel Chapter 30 (NIRV)
Uploading file...
Video id 'XmKnoqISWOk' was successfully uploaded.
Successfully uploaded and updated history for: Ezekiel_Chapter_30.mp4
Processing pending upload: Ezekiel_Chapter_31.mp4
Starting upload for: Ezekiel Chapter 31 (NIRV)
Uploading file...
Video id 'Z4u6w4fvA9s' was successfully uploaded.
Successfully uploaded and updated history for: Ezekiel_Chapter_31.mp4
Processing pending upload: Ezekiel_Chapter_32.mp4
Starting upload for: Ezekiel Chapter 32 (NIRV)
Uploading file...
Video id 'SPq9mTOJskE' was successfully uploaded.
Successfully uploaded and updated history for: Ezekiel_Chapter_32.mp4
Processing pending upload: Ezekiel_Chapter_33.mp4
Starting upload for: Ezekiel Chapter 33 (NIRV)
Uploading file...
Video id '7AplwHuepWg' was successfully uploaded.
Successfully uploaded and updated history for: Ezekiel_Chapter_33.mp4
Processing pending upload: Ezekiel_Chapter_34.mp4
Starting upload for: Ezekiel Chapter 34 (NIRV)
Uploading file...
Video id 'ajxImk_3Ocg' was successfully uploaded.
Successfully uploaded and updated history for: Ezekiel_Chapter_34.mp4
Processing pending upload: Ezekiel_Chapter_35.mp4
Starting upload for: Ezekiel Chapter 35 (NIRV)
Uploading file...
Video id 'SNCUb_EyRtg' was successfully uploaded.
Successfully uploaded and updated history for: Ezekiel_Chapter_35.mp4
Processing pending upload: Ezekiel_Chapter_36.mp4
Starting upload for: Ezekiel Chapter 36 (NIRV)
Uploading file...
Video id 'W2i6MNwr2Io' was successfully uploaded.
Successfully uploaded and updated history for: Ezekiel_Chapter_36.mp4
Processing pending upload: Ezekiel_Chapter_37.mp4
Starting upload for: Ezekiel Chapter 37 (NIRV)
Uploading file...
Video id 'Zvo_h1HNt7Y' was successfully uploaded.
Successfully uploaded and updated history for: Ezekiel_Chapter_37.mp4
Processing pending upload: Ezekiel_Chapter_38.mp4
Starting upload for: Ezekiel Chapter 38 (NIRV)
Uploading file...
Video id 'fSFairOoHyc' was successfully uploaded.
Successfully uploaded and updated history for: Ezekiel_Chapter_38.mp4
Processing pending upload: Ezekiel_Chapter_39.mp4
Starting upload for: Ezekiel Chapter 39 (NIRV)
Uploading file...
Video id '0nrPz7hgBC0' was successfully uploaded.
Successfully uploaded and updated history for: Ezekiel_Chapter_39.mp4
Processing pending upload: Ezekiel_Chapter_40.mp4
Starting upload for: Ezekiel Chapter 40 (NIRV)
Uploading file...
Video id 'f-yIZCxVs4U' was successfully uploaded.
Successfully uploaded and updated history for: Ezekiel_Chapter_40.mp4
Processing pending upload: Ezekiel_Chapter_41.mp4
Starting upload for: Ezekiel Chapter 41 (NIRV)
Uploading file...
Video id 'rk-LQer0W5Q' was successfully uploaded.
Successfully uploaded and updated history for: Ezekiel_Chapter_41.mp4
Processing pending upload: Ezekiel_Chapter_42.mp4
Starting upload for: Ezekiel Chapter 42 (NIRV)
Uploading file...
Video id 'bdFe1KSTA9Y' was successfully uploaded.
Successfully uploaded and updated history for: Ezekiel_Chapter_42.mp4
Processing pending upload: Ezekiel_Chapter_43.mp4
Starting upload for: Ezekiel Chapter 43 (NIRV)
Uploading file...
Video id 'SO-VvYkREnY' was successfully uploaded.
Successfully uploaded and updated history for: Ezekiel_Chapter_43.mp4
Processing pending upload: Ezekiel_Chapter_44.mp4
Starting upload for: Ezekiel Chapter 44 (NIRV)
Uploading file...
Video id 'Jo-c2BRloyE' was successfully uploaded.
Successfully uploaded and updated history for: Ezekiel_Chapter_44.mp4
Processing pending upload: Ezekiel_Chapter_45.mp4
Starting upload for: Ezekiel Chapter 45 (NIRV)
Uploading file...
Video id 'Wkz4WMDBGS0' was successfully uploaded.
Successfully uploaded and updated history for: Ezekiel_Chapter_45.mp4
Processing pending upload: Ezekiel_Chapter_46.mp4
Starting upload for: Ezekiel Chapter 46 (NIRV)
Uploading file...
Video id 'd4CcY2no3oI' was successfully uploaded.
Successfully uploaded and updated history for: Ezekiel_Chapter_46.mp4
Processing pending upload: Ezekiel_Chapter_47.mp4
Starting upload for: Ezekiel Chapter 47 (NIRV)
Uploading file...
Video id 'mCnddzk9uoQ' was successfully uploaded.
Successfully uploaded and updated history for: Ezekiel_Chapter_47.mp4
Processing pending upload: Ezekiel_Chapter_48.mp4
Starting upload for: Ezekiel Chapter 48 (NIRV)
Uploading file...
Video id '0OaTEO6AzMw' was successfully uploaded.
Successfully uploaded and updated history for: Ezekiel_Chapter_48.mp4
Processing pending upload: Daniel_Chapter_1.mp4
Starting upload for: Daniel Chapter 1 (NIRV)
Uploading file...
Video id 'HHcfjXiMSDM' was successfully uploaded.
Successfully uploaded and updated history for: Daniel_Chapter_1.mp4
Processing pending upload: Daniel_Chapter_2.mp4
Starting upload for: Daniel Chapter 2 (NIRV)
Uploading file...
Video id '7-yZWKbYQZg' was successfully uploaded.
Successfully uploaded and updated history for: Daniel_Chapter_2.mp4
Processing pending upload: Daniel_Chapter_3.mp4
Starting upload for: Daniel Chapter 3 (NIRV)
Uploading file...
Video id '8p3eomaVNHM' was successfully uploaded.
Successfully uploaded and updated history for: Daniel_Chapter_3.mp4
Processing pending upload: Daniel_Chapter_4.mp4
Starting upload for: Daniel Chapter 4 (NIRV)
Uploading file...
Video id 'PtBov9oLycI' was successfully uploaded.
Successfully uploaded and updated history for: Daniel_Chapter_4.mp4
Processing pending upload: Daniel_Chapter_5.mp4
Starting upload for: Daniel Chapter 5 (NIRV)
Uploading file...
Video id 'I7N76BsFHq8' was successfully uploaded.
Successfully uploaded and updated history for: Daniel_Chapter_5.mp4
Processing pending upload: Daniel_Chapter_6.mp4
Starting upload for: Daniel Chapter 6 (NIRV)
Uploading file...
Video id '8gCRUqqVLm4' was successfully uploaded.
Successfully uploaded and updated history for: Daniel_Chapter_6.mp4
Processing pending upload: Daniel_Chapter_7.mp4
Starting upload for: Daniel Chapter 7 (NIRV)
Uploading file...
Video id 'MmCq8KQ-CWE' was successfully uploaded.
Successfully uploaded and updated history for: Daniel_Chapter_7.mp4
Processing pending upload: Daniel_Chapter_8.mp4
Starting upload for: Daniel Chapter 8 (NIRV)
Uploading file...
Video id 'K2aH4tUvUWE' was successfully uploaded.
Successfully uploaded and updated history for: Daniel_Chapter_8.mp4
Processing pending upload: Daniel_Chapter_9.mp4
Starting upload for: Daniel Chapter 9 (NIRV)
Uploading file...
Video id 'JAV7EciQtZ8' was successfully uploaded.
Successfully uploaded and updated history for: Daniel_Chapter_9.mp4
Processing pending upload: Daniel_Chapter_10.mp4
Starting upload for: Daniel Chapter 10 (NIRV)
Uploading file...
Video id 'tCRPMfhyhrc' was successfully uploaded.
Successfully uploaded and updated history for: Daniel_Chapter_10.mp4
Processing pending upload: Daniel_Chapter_11.mp4
Starting upload for: Daniel Chapter 11 (NIRV)
Uploading file...
Video id 'RtDbCOq37lQ' was successfully uploaded.
Successfully uploaded and updated history for: Daniel_Chapter_11.mp4
Processing pending upload: Daniel_Chapter_12.mp4
Starting upload for: Daniel Chapter 12 (NIRV)
Uploading file...
Video id 'tZ77UTTqCBE' was successfully uploaded.
Successfully uploaded and updated history for: Daniel_Chapter_12.mp4
Processing pending upload: Hosea_Chapter_1.mp4
Starting upload for: Hosea Chapter 1 (NIRV)
Uploading file...
Video id 'XQQa0ct0koY' was successfully uploaded.
Successfully uploaded and updated history for: Hosea_Chapter_1.mp4
Processing pending upload: Hosea_Chapter_2.mp4
Starting upload for: Hosea Chapter 2 (NIRV)
Uploading file...
Video id 'qn1kplaE_rY' was successfully uploaded.
Successfully uploaded and updated history for: Hosea_Chapter_2.mp4
Processing pending upload: Hosea_Chapter_3.mp4
Starting upload for: Hosea Chapter 3 (NIRV)
Uploading file...
Video id 'pMgjxuHku1g' was successfully uploaded.
Successfully uploaded and updated history for: Hosea_Chapter_3.mp4
Processing pending upload: Hosea_Chapter_4.mp4
Starting upload for: Hosea Chapter 4 (NIRV)
Uploading file...
Video id 'Ob1hMRmbc5w' was successfully uploaded.
Successfully uploaded and updated history for: Hosea_Chapter_4.mp4
Processing pending upload: Hosea_Chapter_5.mp4
Starting upload for: Hosea Chapter 5 (NIRV)
Uploading file...
Video id 'lT_O3wSaXis' was successfully uploaded.
Successfully uploaded and updated history for: Hosea_Chapter_5.mp4
Processing pending upload: Hosea_Chapter_6.mp4
Starting upload for: Hosea Chapter 6 (NIRV)
Uploading file...
Video id 'uncqqquCzzg' was successfully uploaded.
Successfully uploaded and updated history for: Hosea_Chapter_6.mp4
Processing pending upload: Hosea_Chapter_7.mp4
Starting upload for: Hosea Chapter 7 (NIRV)
Uploading file...
Video id 'gMxK4i894hI' was successfully uploaded.
Successfully uploaded and updated history for: Hosea_Chapter_7.mp4
Processing pending upload: Hosea_Chapter_8.mp4
Starting upload for: Hosea Chapter 8 (NIRV)
Uploading file...
Video id '4c1cemG97xE' was successfully uploaded.
Successfully uploaded and updated history for: Hosea_Chapter_8.mp4
Processing pending upload: Hosea_Chapter_9.mp4
Starting upload for: Hosea Chapter 9 (NIRV)
Uploading file...
Video id 'QimJdUg0Yvo' was successfully uploaded.
Successfully uploaded and updated history for: Hosea_Chapter_9.mp4
Processing pending upload: Hosea_Chapter_10.mp4
Starting upload for: Hosea Chapter 10 (NIRV)
Uploading file...
Video id 'RxerNfzDDOI' was successfully uploaded.
Successfully uploaded and updated history for: Hosea_Chapter_10.mp4
Processing pending upload: Hosea_Chapter_11.mp4
Starting upload for: Hosea Chapter 11 (NIRV)
Uploading file...
Video id 'Di1MocbWrVI' was successfully uploaded.
Successfully uploaded and updated history for: Hosea_Chapter_11.mp4
Processing pending upload: Hosea_Chapter_12.mp4
Starting upload for: Hosea Chapter 12 (NIRV)
Uploading file...
Video id 'LeA_I6rEbMs' was successfully uploaded.
Successfully uploaded and updated history for: Hosea_Chapter_12.mp4
Processing pending upload: Hosea_Chapter_13.mp4
Starting upload for: Hosea Chapter 13 (NIRV)
Uploading file...
Video id 'YdXs_-Nnx4g' was successfully uploaded.
Successfully uploaded and updated history for: Hosea_Chapter_13.mp4
Processing pending upload: Hosea_Chapter_14.mp4
Starting upload for: Hosea Chapter 14 (NIRV)
Uploading file...
Video id '-0aJISXrGJQ' was successfully uploaded.
Successfully uploaded and updated history for: Hosea_Chapter_14.mp4
Processing pending upload: Joel_Chapter_1.mp4
Starting upload for: Joel Chapter 1 (NIRV)
Uploading file...
Video id 'sGAP-kGRX0Q' was successfully uploaded.
Successfully uploaded and updated history for: Joel_Chapter_1.mp4
Processing pending upload: Joel_Chapter_2.mp4
Starting upload for: Joel Chapter 2 (NIRV)
Uploading file...
Video id 'r4-GWAZm9tA' was successfully uploaded.
Successfully uploaded and updated history for: Joel_Chapter_2.mp4
Processing pending upload: Joel_Chapter_3.mp4
Starting upload for: Joel Chapter 3 (NIRV)
Uploading file...
Video id 'dPMs9l7aDgY' was successfully uploaded.
Successfully uploaded and updated history for: Joel_Chapter_3.mp4
Processing pending upload: Amos_Chapter_1.mp4
Starting upload for: Amos Chapter 1 (NIRV)
Uploading file...
Video id 'ZFHWFKHi7lg' was successfully uploaded.
Successfully uploaded and updated history for: Amos_Chapter_1.mp4
Processing pending upload: Amos_Chapter_2.mp4
Starting upload for: Amos Chapter 2 (NIRV)
Uploading file...
Video id 'NtEdmpqwlqQ' was successfully uploaded.
Successfully uploaded and updated history for: Amos_Chapter_2.mp4
Processing pending upload: Amos_Chapter_3.mp4
Starting upload for: Amos Chapter 3 (NIRV)
Uploading file...
Video id 'nb33KqiMS4w' was successfully uploaded.
Successfully uploaded and updated history for: Amos_Chapter_3.mp4
Processing pending upload: Amos_Chapter_4.mp4
Starting upload for: Amos Chapter 4 (NIRV)
Uploading file...
Video id 'oS7f_1F1DOM' was successfully uploaded.
Successfully uploaded and updated history for: Amos_Chapter_4.mp4
Processing pending upload: Amos_Chapter_5.mp4
Starting upload for: Amos Chapter 5 (NIRV)
Uploading file...
Video id 'dmaEs57k4pU' was successfully uploaded.
Successfully uploaded and updated history for: Amos_Chapter_5.mp4
Processing pending upload: Amos_Chapter_6.mp4
Starting upload for: Amos Chapter 6 (NIRV)
Uploading file...
Video id 'zsWhBUaKFVs' was successfully uploaded.
Successfully uploaded and updated history for: Amos_Chapter_6.mp4
Processing pending upload: Amos_Chapter_7.mp4
Starting upload for: Amos Chapter 7 (NIRV)
Uploading file...
Video id 'mnKgCI4HE9A' was successfully uploaded.
Successfully uploaded and updated history for: Amos_Chapter_7.mp4
Processing pending upload: Amos_Chapter_8.mp4
Starting upload for: Amos Chapter 8 (NIRV)
Uploading file...
Video id 'WHJrq-X3nJU' was successfully uploaded.
Successfully uploaded and updated history for: Amos_Chapter_8.mp4
Processing pending upload: Amos_Chapter_9.mp4
Starting upload for: Amos Chapter 9 (NIRV)
Uploading file...
Video id 'Pvn9rOa04yM' was successfully uploaded.
Successfully uploaded and updated history for: Amos_Chapter_9.mp4
Processing pending upload: Obadiah_Chapter_1.mp4
Starting upload for: Obadiah Chapter 1 (NIRV)
Uploading file...
Video id '2yMoqWdlAdc' was successfully uploaded.
Successfully uploaded and updated history for: Obadiah_Chapter_1.mp4
Processing pending upload: Jonah_Chapter_1.mp4
Starting upload for: Jonah Chapter 1 (NIRV)
Uploading file...
Video id 'mamEX_NrrIg' was successfully uploaded.
Successfully uploaded and updated history for: Jonah_Chapter_1.mp4
Processing pending upload: Jonah_Chapter_2.mp4
Starting upload for: Jonah Chapter 2 (NIRV)
Uploading file...
Video id 'p1rOcHmWj_k' was successfully uploaded.
Successfully uploaded and updated history for: Jonah_Chapter_2.mp4
Processing pending upload: Jonah_Chapter_3.mp4
Starting upload for: Jonah Chapter 3 (NIRV)
Uploading file...
Video id 'ZhShZ6SUQVI' was successfully uploaded.
Successfully uploaded and updated history for: Jonah_Chapter_3.mp4
Processing pending upload: Jonah_Chapter_4.mp4
Starting upload for: Jonah Chapter 4 (NIRV)
Uploading file...
Video id 'Orba0RkAfI4' was successfully uploaded.
Successfully uploaded and updated history for: Jonah_Chapter_4.mp4
Processing pending upload: Micah_Chapter_1.mp4
Starting upload for: Micah Chapter 1 (NIRV)
Uploading file...
Video id '4PvP3ZLVFlg' was successfully uploaded.
Successfully uploaded and updated history for: Micah_Chapter_1.mp4
Processing pending upload: Micah_Chapter_2.mp4
Starting upload for: Micah Chapter 2 (NIRV)
Uploading file...
Failed to upload Micah_Chapter_2.mp4: <HttpError 403 when requesting None returned "The request cannot be completed because you have exceeded your <a href="/youtube/v3/getting-started#quota">quota</a>.". Details: "[{'message': 'The request cannot be completed because you have exceeded your <a href="/youtube/v3/getting-started#quota">quota</a>.', 'domain': 'youtube.quota', 'reason': 'quotaExceeded'}]">
QUOTA/LIMIT ERROR DETECTED. Stopping uploads.
Quota/Limit Exceeded
/Users/dayyoung/Library/Python/3.9/lib/python/site-packages/urllib3/__init__.py:35: NotOpenSSLWarning: urllib3 v2 only supports OpenSSL 1.1.1+, currently the 'ssl' module is compiled with 'LibreSSL 2.8.3'. See: https://github.com/urllib3/urllib3/issues/3020
  warnings.warn(
/Users/dayyoung/Library/Python/3.9/lib/python/site-packages/google/api_core/_python_version_support.py:237: FutureWarning: You are using a non-supported Python version (3.9.6). Google will not post any further updates to google.api_core supporting this Python version. Please upgrade to the latest Python version, or at least Python 3.10, and then update google.api_core.
  warnings.warn(message, FutureWarning)
An error occurred: module 'importlib.metadata' has no attribute 'packages_distributions'
No new videos found in movies folder.
Loaded 1192 videos from history.
Found 295 pending uploads (Sorted by Bible Order).
Processing pending upload: Micah_Chapter_2.mp4
Starting upload for: Micah Chapter 2 (NIRV)
Uploading file...
Video id 'looaNm7BxBQ' was successfully uploaded.
Successfully uploaded and updated history for: Micah_Chapter_2.mp4
Processing pending upload: Micah_Chapter_3.mp4
Starting upload for: Micah Chapter 3 (NIRV)
Uploading file...
Video id 'JjR53U_S7Hg' was successfully uploaded.
Successfully uploaded and updated history for: Micah_Chapter_3.mp4
Processing pending upload: Micah_Chapter_4.mp4
Starting upload for: Micah Chapter 4 (NIRV)
Uploading file...
Video id '2KwRsasfCr8' was successfully uploaded.
Successfully uploaded and updated history for: Micah_Chapter_4.mp4
Processing pending upload: Micah_Chapter_5.mp4
Starting upload for: Micah Chapter 5 (NIRV)
Uploading file...
Video id 'nawfOG6xel0' was successfully uploaded.
Successfully uploaded and updated history for: Micah_Chapter_5.mp4
Processing pending upload: Micah_Chapter_6.mp4
Starting upload for: Micah Chapter 6 (NIRV)
Uploading file...
Video id 'Y1tafDESQrc' was successfully uploaded.
Successfully uploaded and updated history for: Micah_Chapter_6.mp4
Processing pending upload: Micah_Chapter_7.mp4
Starting upload for: Micah Chapter 7 (NIRV)
Uploading file...
Video id 'RPRmi3h3drg' was successfully uploaded.
Successfully uploaded and updated history for: Micah_Chapter_7.mp4
Processing pending upload: Nahum_Chapter_1.mp4
Starting upload for: Nahum Chapter 1 (NIRV)
Uploading file...
Video id 'lpC71bD-VKo' was successfully uploaded.
Successfully uploaded and updated history for: Nahum_Chapter_1.mp4
Processing pending upload: Nahum_Chapter_2.mp4
Starting upload for: Nahum Chapter 2 (NIRV)
Uploading file...
Video id 't0JWerw8wsI' was successfully uploaded.
Successfully uploaded and updated history for: Nahum_Chapter_2.mp4
Processing pending upload: Nahum_Chapter_3.mp4
Starting upload for: Nahum Chapter 3 (NIRV)
Uploading file...
Video id '7Ev4_h5BDdc' was successfully uploaded.
Successfully uploaded and updated history for: Nahum_Chapter_3.mp4
Processing pending upload: Habakkuk_Chapter_1.mp4
Starting upload for: Habakkuk Chapter 1 (NIRV)
Uploading file...
Video id 'ed06dBOOvec' was successfully uploaded.
Successfully uploaded and updated history for: Habakkuk_Chapter_1.mp4
Processing pending upload: Habakkuk_Chapter_2.mp4
Starting upload for: Habakkuk Chapter 2 (NIRV)
Uploading file...
Video id '7hQd6tqtYt0' was successfully uploaded.
Successfully uploaded and updated history for: Habakkuk_Chapter_2.mp4
Processing pending upload: Habakkuk_Chapter_3.mp4
Starting upload for: Habakkuk Chapter 3 (NIRV)
Uploading file...
Video id '7MoRPbH7r0s' was successfully uploaded.
Successfully uploaded and updated history for: Habakkuk_Chapter_3.mp4
Processing pending upload: Zephaniah_Chapter_1.mp4
Starting upload for: Zephaniah Chapter 1 (NIRV)
Uploading file...
Video id 'kKQbKA3u_68' was successfully uploaded.
Successfully uploaded and updated history for: Zephaniah_Chapter_1.mp4
Processing pending upload: Zephaniah_Chapter_2.mp4
Starting upload for: Zephaniah Chapter 2 (NIRV)
Uploading file...
Video id '20qGVoz5N-M' was successfully uploaded.
Successfully uploaded and updated history for: Zephaniah_Chapter_2.mp4
Processing pending upload: Zephaniah_Chapter_3.mp4
Starting upload for: Zephaniah Chapter 3 (NIRV)
Uploading file...
Video id 'aL5NOnnD3bY' was successfully uploaded.
Successfully uploaded and updated history for: Zephaniah_Chapter_3.mp4
Processing pending upload: Haggai_Chapter_1.mp4
Starting upload for: Haggai Chapter 1 (NIRV)
Uploading file...
Video id '7vu8TcnuUDc' was successfully uploaded.
Successfully uploaded and updated history for: Haggai_Chapter_1.mp4
Processing pending upload: Haggai_Chapter_2.mp4
Starting upload for: Haggai Chapter 2 (NIRV)
Uploading file...
Video id 'S7_hr81ZUlA' was successfully uploaded.
Successfully uploaded and updated history for: Haggai_Chapter_2.mp4
Processing pending upload: Zechariah_Chapter_1.mp4
Starting upload for: Zechariah Chapter 1 (NIRV)
Uploading file...
Video id 'Q9e7GmXAOEM' was successfully uploaded.
Successfully uploaded and updated history for: Zechariah_Chapter_1.mp4
Processing pending upload: Zechariah_Chapter_2.mp4
Starting upload for: Zechariah Chapter 2 (NIRV)
Uploading file...
Video id 'taUg6k2zGJU' was successfully uploaded.
Successfully uploaded and updated history for: Zechariah_Chapter_2.mp4
Processing pending upload: Zechariah_Chapter_3.mp4
Starting upload for: Zechariah Chapter 3 (NIRV)
Uploading file...
Video id 'Tqk0qntuW7g' was successfully uploaded.
Successfully uploaded and updated history for: Zechariah_Chapter_3.mp4
Processing pending upload: Zechariah_Chapter_4.mp4
Starting upload for: Zechariah Chapter 4 (NIRV)
Uploading file...
Video id 'n84HNcJFuoU' was successfully uploaded.
Successfully uploaded and updated history for: Zechariah_Chapter_4.mp4
Processing pending upload: Zechariah_Chapter_5.mp4
Starting upload for: Zechariah Chapter 5 (NIRV)
Uploading file...
Video id 'rCLTNqmnvqo' was successfully uploaded.
Successfully uploaded and updated history for: Zechariah_Chapter_5.mp4
Processing pending upload: Zechariah_Chapter_6.mp4
Starting upload for: Zechariah Chapter 6 (NIRV)
Uploading file...
Video id 'weMTFMBUUK8' was successfully uploaded.
Successfully uploaded and updated history for: Zechariah_Chapter_6.mp4
Processing pending upload: Zechariah_Chapter_7.mp4
Starting upload for: Zechariah Chapter 7 (NIRV)
Uploading file...
Video id 'Wm6uvY2t5U8' was successfully uploaded.
Successfully uploaded and updated history for: Zechariah_Chapter_7.mp4
Processing pending upload: Zechariah_Chapter_8.mp4
Starting upload for: Zechariah Chapter 8 (NIRV)
Uploading file...
Video id 'Ks8FuxYFKJY' was successfully uploaded.
Successfully uploaded and updated history for: Zechariah_Chapter_8.mp4
Processing pending upload: Zechariah_Chapter_9.mp4
Starting upload for: Zechariah Chapter 9 (NIRV)
Uploading file...
Video id 'Eq6iu8ghsos' was successfully uploaded.
Successfully uploaded and updated history for: Zechariah_Chapter_9.mp4
Processing pending upload: Zechariah_Chapter_10.mp4
Starting upload for: Zechariah Chapter 10 (NIRV)
Uploading file...
Video id '5Nh44lDm_IU' was successfully uploaded.
Successfully uploaded and updated history for: Zechariah_Chapter_10.mp4
Processing pending upload: Zechariah_Chapter_11.mp4
Starting upload for: Zechariah Chapter 11 (NIRV)
Uploading file...
Video id 'aB5fss5LGmQ' was successfully uploaded.
Successfully uploaded and updated history for: Zechariah_Chapter_11.mp4
Processing pending upload: Zechariah_Chapter_12.mp4
Starting upload for: Zechariah Chapter 12 (NIRV)
Uploading file...
Video id 'MO6YWMQ_uwQ' was successfully uploaded.
Successfully uploaded and updated history for: Zechariah_Chapter_12.mp4
Processing pending upload: Zechariah_Chapter_13.mp4
Starting upload for: Zechariah Chapter 13 (NIRV)
Uploading file...
Video id 'M29IdQAtK5s' was successfully uploaded.
Successfully uploaded and updated history for: Zechariah_Chapter_13.mp4
Processing pending upload: Zechariah_Chapter_14.mp4
Starting upload for: Zechariah Chapter 14 (NIRV)
Uploading file...
Video id 'ltEjWWVrwWI' was successfully uploaded.
Successfully uploaded and updated history for: Zechariah_Chapter_14.mp4
Processing pending upload: Malachi_Chapter_1.mp4
Starting upload for: Malachi Chapter 1 (NIRV)
Uploading file...
Video id '1rdgWod4Rj4' was successfully uploaded.
Successfully uploaded and updated history for: Malachi_Chapter_1.mp4
Processing pending upload: Malachi_Chapter_2.mp4
Starting upload for: Malachi Chapter 2 (NIRV)
Uploading file...
Video id '76ku9w8zSn0' was successfully uploaded.
Successfully uploaded and updated history for: Malachi_Chapter_2.mp4
Processing pending upload: Malachi_Chapter_3.mp4
Starting upload for: Malachi Chapter 3 (NIRV)
Uploading file...
Video id 'NRTRAma-yrE' was successfully uploaded.
Successfully uploaded and updated history for: Malachi_Chapter_3.mp4
Processing pending upload: Malachi_Chapter_4.mp4
Starting upload for: Malachi Chapter 4 (NIRV)
Uploading file...
Video id '9OfP0dPQ7qM' was successfully uploaded.
Successfully uploaded and updated history for: Malachi_Chapter_4.mp4
Processing pending upload: Matthew_Chapter_1.mp4
Starting upload for: Matthew Chapter 1 (NIRV)
Uploading file...
Video id '6EEGrk9HmE0' was successfully uploaded.
Successfully uploaded and updated history for: Matthew_Chapter_1.mp4
Processing pending upload: Matthew_Chapter_2.mp4
Starting upload for: Matthew Chapter 2 (NIRV)
Uploading file...
Video id 'FI7cdYHFarw' was successfully uploaded.
Successfully uploaded and updated history for: Matthew_Chapter_2.mp4
Processing pending upload: Matthew_Chapter_3.mp4
Starting upload for: Matthew Chapter 3 (NIRV)
Uploading file...
Video id 'edmzld2ERqU' was successfully uploaded.
Successfully uploaded and updated history for: Matthew_Chapter_3.mp4
Processing pending upload: Matthew_Chapter_4.mp4
Starting upload for: Matthew Chapter 4 (NIRV)
Uploading file...
Video id 'eQLngb3AEnI' was successfully uploaded.
Successfully uploaded and updated history for: Matthew_Chapter_4.mp4
Processing pending upload: Matthew_Chapter_5.mp4
Starting upload for: Matthew Chapter 5 (NIRV)
Uploading file...
Video id 'AzOGBB_2GLY' was successfully uploaded.
Successfully uploaded and updated history for: Matthew_Chapter_5.mp4
Processing pending upload: Matthew_Chapter_6.mp4
Starting upload for: Matthew Chapter 6 (NIRV)
Uploading file...
Video id 'KHRitr9aScA' was successfully uploaded.
Successfully uploaded and updated history for: Matthew_Chapter_6.mp4
Processing pending upload: Matthew_Chapter_7.mp4
Starting upload for: Matthew Chapter 7 (NIRV)
Uploading file...
Video id 'jg7_106UDA8' was successfully uploaded.
Successfully uploaded and updated history for: Matthew_Chapter_7.mp4
Processing pending upload: Matthew_Chapter_8.mp4
Starting upload for: Matthew Chapter 8 (NIRV)
Uploading file...
Video id 'QS86osxNR8U' was successfully uploaded.
Successfully uploaded and updated history for: Matthew_Chapter_8.mp4
Processing pending upload: Matthew_Chapter_9.mp4
Starting upload for: Matthew Chapter 9 (NIRV)
Uploading file...
Video id 'um7pzuVQVG4' was successfully uploaded.
Successfully uploaded and updated history for: Matthew_Chapter_9.mp4
Processing pending upload: Matthew_Chapter_10.mp4
Starting upload for: Matthew Chapter 10 (NIRV)
Uploading file...
Video id '2cSv9jIKgB4' was successfully uploaded.
Successfully uploaded and updated history for: Matthew_Chapter_10.mp4
Processing pending upload: Matthew_Chapter_11.mp4
Starting upload for: Matthew Chapter 11 (NIRV)
Uploading file...
Video id 'O5cOkkcRmGU' was successfully uploaded.
Successfully uploaded and updated history for: Matthew_Chapter_11.mp4
Processing pending upload: Matthew_Chapter_12.mp4
Starting upload for: Matthew Chapter 12 (NIRV)
Uploading file...
Video id 'JOEx2nejguE' was successfully uploaded.
Successfully uploaded and updated history for: Matthew_Chapter_12.mp4
Processing pending upload: Matthew_Chapter_13.mp4
Starting upload for: Matthew Chapter 13 (NIRV)
Uploading file...
Video id 'DZJCHf52RUM' was successfully uploaded.
Successfully uploaded and updated history for: Matthew_Chapter_13.mp4
Processing pending upload: Matthew_Chapter_14.mp4
Starting upload for: Matthew Chapter 14 (NIRV)
Uploading file...
Video id 'eID-Wh0071k' was successfully uploaded.
Successfully uploaded and updated history for: Matthew_Chapter_14.mp4
Processing pending upload: Matthew_Chapter_15.mp4
Starting upload for: Matthew Chapter 15 (NIRV)
Uploading file...
Video id '_S9RajXKgVk' was successfully uploaded.
Successfully uploaded and updated history for: Matthew_Chapter_15.mp4
Processing pending upload: Matthew_Chapter_16.mp4
Starting upload for: Matthew Chapter 16 (NIRV)
Uploading file...
Video id '1KBmnn2IdxU' was successfully uploaded.
Successfully uploaded and updated history for: Matthew_Chapter_16.mp4
Processing pending upload: Matthew_Chapter_17.mp4
Starting upload for: Matthew Chapter 17 (NIRV)
Uploading file...
Video id 'ngaFhPTGuYc' was successfully uploaded.
Successfully uploaded and updated history for: Matthew_Chapter_17.mp4
Processing pending upload: Matthew_Chapter_18.mp4
Starting upload for: Matthew Chapter 18 (NIRV)
Uploading file...
Video id 'dluZ4KGM-Sk' was successfully uploaded.
Successfully uploaded and updated history for: Matthew_Chapter_18.mp4
Processing pending upload: Matthew_Chapter_19.mp4
Starting upload for: Matthew Chapter 19 (NIRV)
Uploading file...
Video id '-YIg1g_b9r4' was successfully uploaded.
Successfully uploaded and updated history for: Matthew_Chapter_19.mp4
Processing pending upload: Matthew_Chapter_20.mp4
Starting upload for: Matthew Chapter 20 (NIRV)
Uploading file...
Video id 'DOAuF67-aZc' was successfully uploaded.
Successfully uploaded and updated history for: Matthew_Chapter_20.mp4
Processing pending upload: Matthew_Chapter_21.mp4
Starting upload for: Matthew Chapter 21 (NIRV)
Uploading file...
Video id 'w2m4_2DdnWo' was successfully uploaded.
Successfully uploaded and updated history for: Matthew_Chapter_21.mp4
Processing pending upload: Matthew_Chapter_22.mp4
Starting upload for: Matthew Chapter 22 (NIRV)
Uploading file...
Video id 'PhhtvQZUkew' was successfully uploaded.
Successfully uploaded and updated history for: Matthew_Chapter_22.mp4
Processing pending upload: Matthew_Chapter_23.mp4
Starting upload for: Matthew Chapter 23 (NIRV)
Uploading file...
Video id 'VGFC3kn6K6U' was successfully uploaded.
Successfully uploaded and updated history for: Matthew_Chapter_23.mp4
Processing pending upload: Matthew_Chapter_24.mp4
Starting upload for: Matthew Chapter 24 (NIRV)
Uploading file...
Video id 'hyRQT1Uylt0' was successfully uploaded.
Successfully uploaded and updated history for: Matthew_Chapter_24.mp4
Processing pending upload: Matthew_Chapter_25.mp4
Starting upload for: Matthew Chapter 25 (NIRV)
Uploading file...
Video id 'KIfzmVs8wQU' was successfully uploaded.
Successfully uploaded and updated history for: Matthew_Chapter_25.mp4
Processing pending upload: Matthew_Chapter_26.mp4
Starting upload for: Matthew Chapter 26 (NIRV)
Uploading file...
Video id 'N-w8SkheIho' was successfully uploaded.
Successfully uploaded and updated history for: Matthew_Chapter_26.mp4
Processing pending upload: Matthew_Chapter_27.mp4
Starting upload for: Matthew Chapter 27 (NIRV)
Uploading file...
Video id 'aMXeuzxpHAg' was successfully uploaded.
Successfully uploaded and updated history for: Matthew_Chapter_27.mp4
Processing pending upload: Matthew_Chapter_28.mp4
Starting upload for: Matthew Chapter 28 (NIRV)
Uploading file...
Video id 'RbMhPA53iP4' was successfully uploaded.
Successfully uploaded and updated history for: Matthew_Chapter_28.mp4
Processing pending upload: Mark_Chapter_1.mp4
Starting upload for: Mark Chapter 1 (NIRV)
Uploading file...
Video id 'OFqfdTbRbJY' was successfully uploaded.
Successfully uploaded and updated history for: Mark_Chapter_1.mp4
Processing pending upload: Mark_Chapter_2.mp4
Starting upload for: Mark Chapter 2 (NIRV)
Uploading file...
Video id 'vY198NO2hhY' was successfully uploaded.
Successfully uploaded and updated history for: Mark_Chapter_2.mp4
Processing pending upload: Mark_Chapter_3.mp4
Starting upload for: Mark Chapter 3 (NIRV)
Uploading file...
Video id 'LHtsgcaYQsY' was successfully uploaded.
Successfully uploaded and updated history for: Mark_Chapter_3.mp4
Processing pending upload: Mark_Chapter_4.mp4
Starting upload for: Mark Chapter 4 (NIRV)
Uploading file...
Video id 'kbTfy21bejE' was successfully uploaded.
Successfully uploaded and updated history for: Mark_Chapter_4.mp4
Processing pending upload: Mark_Chapter_5.mp4
Starting upload for: Mark Chapter 5 (NIRV)
Uploading file...
Video id 'Xwg9XZIpw60' was successfully uploaded.
Successfully uploaded and updated history for: Mark_Chapter_5.mp4
Processing pending upload: Mark_Chapter_6.mp4
Starting upload for: Mark Chapter 6 (NIRV)
Uploading file...
Video id '1xCgJSULlsE' was successfully uploaded.
Successfully uploaded and updated history for: Mark_Chapter_6.mp4
Processing pending upload: Mark_Chapter_7.mp4
Starting upload for: Mark Chapter 7 (NIRV)
Uploading file...
Video id 'Y2RthlzlGoA' was successfully uploaded.
Successfully uploaded and updated history for: Mark_Chapter_7.mp4
Processing pending upload: Mark_Chapter_8.mp4
Starting upload for: Mark Chapter 8 (NIRV)
Uploading file...
Video id 'TVQxWeQYysA' was successfully uploaded.
Successfully uploaded and updated history for: Mark_Chapter_8.mp4
Processing pending upload: Mark_Chapter_9.mp4
Starting upload for: Mark Chapter 9 (NIRV)
Uploading file...
Video id 'cfD0VSMq8TU' was successfully uploaded.
Successfully uploaded and updated history for: Mark_Chapter_9.mp4
Processing pending upload: Mark_Chapter_10.mp4
Starting upload for: Mark Chapter 10 (NIRV)
Uploading file...
Video id 'KhfVMQzAU_U' was successfully uploaded.
Successfully uploaded and updated history for: Mark_Chapter_10.mp4
Processing pending upload: Mark_Chapter_11.mp4
Starting upload for: Mark Chapter 11 (NIRV)
Uploading file...
Video id '5pzy7Ojt5qo' was successfully uploaded.
Successfully uploaded and updated history for: Mark_Chapter_11.mp4
Processing pending upload: Mark_Chapter_12.mp4
Starting upload for: Mark Chapter 12 (NIRV)
Uploading file...
Video id 'JzKGO4xbWb0' was successfully uploaded.
Successfully uploaded and updated history for: Mark_Chapter_12.mp4
Processing pending upload: Mark_Chapter_13.mp4
Starting upload for: Mark Chapter 13 (NIRV)
Uploading file...
Video id 'C05SEeEmRbc' was successfully uploaded.
Successfully uploaded and updated history for: Mark_Chapter_13.mp4
Processing pending upload: Mark_Chapter_14.mp4
Starting upload for: Mark Chapter 14 (NIRV)
Uploading file...
Video id 'WfbVbGf64Do' was successfully uploaded.
Successfully uploaded and updated history for: Mark_Chapter_14.mp4
Processing pending upload: Mark_Chapter_15.mp4
Starting upload for: Mark Chapter 15 (NIRV)
Uploading file...
Video id '8VOAv6iJwEo' was successfully uploaded.
Successfully uploaded and updated history for: Mark_Chapter_15.mp4
Processing pending upload: Mark_Chapter_16.mp4
Starting upload for: Mark Chapter 16 (NIRV)
Uploading file...
Video id 'IfOIbmjR_WE' was successfully uploaded.
Successfully uploaded and updated history for: Mark_Chapter_16.mp4
Processing pending upload: Luke_Chapter_1.mp4
Starting upload for: Luke Chapter 1 (NIRV)
Uploading file...
Video id 'D7Wjz0UK-Ok' was successfully uploaded.
Successfully uploaded and updated history for: Luke_Chapter_1.mp4
Processing pending upload: Luke_Chapter_2.mp4
Starting upload for: Luke Chapter 2 (NIRV)
Uploading file...
Video id 'L3NMwcwCev0' was successfully uploaded.
Successfully uploaded and updated history for: Luke_Chapter_2.mp4
Processing pending upload: Luke_Chapter_3.mp4
Starting upload for: Luke Chapter 3 (NIRV)
Uploading file...
Video id '7Q26PJhBOkc' was successfully uploaded.
Successfully uploaded and updated history for: Luke_Chapter_3.mp4
Processing pending upload: Luke_Chapter_4.mp4
Starting upload for: Luke Chapter 4 (NIRV)
Uploading file...
Video id 'igmw9UssWeQ' was successfully uploaded.
Successfully uploaded and updated history for: Luke_Chapter_4.mp4
Processing pending upload: Luke_Chapter_5.mp4
Starting upload for: Luke Chapter 5 (NIRV)
Uploading file...
Video id 'JioHuumCbPo' was successfully uploaded.
Successfully uploaded and updated history for: Luke_Chapter_5.mp4
Processing pending upload: Luke_Chapter_6.mp4
Starting upload for: Luke Chapter 6 (NIRV)
Uploading file...
Video id '2-u3dUr75_s' was successfully uploaded.
Successfully uploaded and updated history for: Luke_Chapter_6.mp4
Processing pending upload: Luke_Chapter_7.mp4
Starting upload for: Luke Chapter 7 (NIRV)
Uploading file...
Video id 'P0vTlAQDY3s' was successfully uploaded.
Successfully uploaded and updated history for: Luke_Chapter_7.mp4
Processing pending upload: Luke_Chapter_8.mp4
Starting upload for: Luke Chapter 8 (NIRV)
Uploading file...
Video id 'VOx1jfMXZUo' was successfully uploaded.
Successfully uploaded and updated history for: Luke_Chapter_8.mp4
Processing pending upload: Luke_Chapter_9.mp4
Starting upload for: Luke Chapter 9 (NIRV)
Uploading file...
Video id 'WVmRbMuGjEo' was successfully uploaded.
Successfully uploaded and updated history for: Luke_Chapter_9.mp4
Processing pending upload: Luke_Chapter_10.mp4
Starting upload for: Luke Chapter 10 (NIRV)
Uploading file...
Video id 'PjdT2HQkXdY' was successfully uploaded.
Successfully uploaded and updated history for: Luke_Chapter_10.mp4
Processing pending upload: Luke_Chapter_11.mp4
Starting upload for: Luke Chapter 11 (NIRV)
Uploading file...
Video id 'kNEbZkQX9aE' was successfully uploaded.
Successfully uploaded and updated history for: Luke_Chapter_11.mp4
Processing pending upload: Luke_Chapter_12.mp4
Starting upload for: Luke Chapter 12 (NIRV)
Uploading file...
Video id 'J9I3G6T90dw' was successfully uploaded.
Successfully uploaded and updated history for: Luke_Chapter_12.mp4
Processing pending upload: Luke_Chapter_13.mp4
Starting upload for: Luke Chapter 13 (NIRV)
Uploading file...
Video id 'GuYHmso44RM' was successfully uploaded.
Successfully uploaded and updated history for: Luke_Chapter_13.mp4
Processing pending upload: Luke_Chapter_14.mp4
Starting upload for: Luke Chapter 14 (NIRV)
Uploading file...
Video id 'EXkIlLprfJM' was successfully uploaded.
Successfully uploaded and updated history for: Luke_Chapter_14.mp4
Processing pending upload: Luke_Chapter_15.mp4
Starting upload for: Luke Chapter 15 (NIRV)
Uploading file...
Video id 'haN6TTqZQ1k' was successfully uploaded.
Successfully uploaded and updated history for: Luke_Chapter_15.mp4
Processing pending upload: Luke_Chapter_16.mp4
Starting upload for: Luke Chapter 16 (NIRV)
Uploading file...
Video id 'ib1OPBnSJGc' was successfully uploaded.
Successfully uploaded and updated history for: Luke_Chapter_16.mp4
Processing pending upload: Luke_Chapter_17.mp4
Starting upload for: Luke Chapter 17 (NIRV)
Uploading file...
Video id 'IVXO_h8D-84' was successfully uploaded.
Successfully uploaded and updated history for: Luke_Chapter_17.mp4
Processing pending upload: Luke_Chapter_18.mp4
Starting upload for: Luke Chapter 18 (NIRV)
Uploading file...
Video id 'RpaHXeST9zU' was successfully uploaded.
Successfully uploaded and updated history for: Luke_Chapter_18.mp4
Processing pending upload: Luke_Chapter_19.mp4
Starting upload for: Luke Chapter 19 (NIRV)
Uploading file...
Video id 'QL0zui6jl-g' was successfully uploaded.
Successfully uploaded and updated history for: Luke_Chapter_19.mp4
Processing pending upload: Luke_Chapter_20.mp4
Starting upload for: Luke Chapter 20 (NIRV)
Uploading file...
Video id 'gzz3oiSZgfE' was successfully uploaded.
Successfully uploaded and updated history for: Luke_Chapter_20.mp4
Processing pending upload: Luke_Chapter_21.mp4
Starting upload for: Luke Chapter 21 (NIRV)
Uploading file...
Video id 'XiV-_gusBzk' was successfully uploaded.
Successfully uploaded and updated history for: Luke_Chapter_21.mp4
Processing pending upload: Luke_Chapter_22.mp4
Starting upload for: Luke Chapter 22 (NIRV)
Uploading file...
Failed to upload Luke_Chapter_22.mp4: <HttpError 403 when requesting None returned "The request cannot be completed because you have exceeded your <a href="/youtube/v3/getting-started#quota">quota</a>.". Details: "[{'message': 'The request cannot be completed because you have exceeded your <a href="/youtube/v3/getting-started#quota">quota</a>.', 'domain': 'youtube.quota', 'reason': 'quotaExceeded'}]">
QUOTA/LIMIT ERROR DETECTED. Stopping uploads.
Quota/Limit Exceeded
/Users/dayyoung/Library/Python/3.9/lib/python/site-packages/urllib3/__init__.py:35: NotOpenSSLWarning: urllib3 v2 only supports OpenSSL 1.1.1+, currently the 'ssl' module is compiled with 'LibreSSL 2.8.3'. See: https://github.com/urllib3/urllib3/issues/3020
  warnings.warn(
/Users/dayyoung/Library/Python/3.9/lib/python/site-packages/google/api_core/_python_version_support.py:237: FutureWarning: You are using a non-supported Python version (3.9.6). Google will not post any further updates to google.api_core supporting this Python version. Please upgrade to the latest Python version, or at least Python 3.10, and then update google.api_core.
  warnings.warn(message, FutureWarning)
An error occurred: module 'importlib.metadata' has no attribute 'packages_distributions'
No new videos found in movies folder.
Loaded 1192 videos from history.
Found 195 pending uploads (Sorted by Bible Order).
Processing pending upload: Luke_Chapter_22.mp4
Starting upload for: Luke Chapter 22 (NIRV)
Failed to upload Luke_Chapter_22.mp4: ('invalid_grant: Token has been expired or revoked.', {'error': 'invalid_grant', 'error_description': 'Token has been expired or revoked.'})
Processing pending upload: Luke_Chapter_23.mp4
Starting upload for: Luke Chapter 23 (NIRV)
Failed to upload Luke_Chapter_23.mp4: ('invalid_grant: Token has been expired or revoked.', {'error': 'invalid_grant', 'error_description': 'Token has been expired or revoked.'})
Processing pending upload: Luke_Chapter_24.mp4
Starting upload for: Luke Chapter 24 (NIRV)
Failed to upload Luke_Chapter_24.mp4: ('invalid_grant: Token has been expired or revoked.', {'error': 'invalid_grant', 'error_description': 'Token has been expired or revoked.'})
Processing pending upload: John_Chapter_1.mp4
Starting upload for: John Chapter 1 (NIRV)
Failed to upload John_Chapter_1.mp4: ('invalid_grant: Token has been expired or revoked.', {'error': 'invalid_grant', 'error_description': 'Token has been expired or revoked.'})
Processing pending upload: John_Chapter_2.mp4
Starting upload for: John Chapter 2 (NIRV)
Failed to upload John_Chapter_2.mp4: ('invalid_grant: Token has been expired or revoked.', {'error': 'invalid_grant', 'error_description': 'Token has been expired or revoked.'})
Processing pending upload: John_Chapter_3.mp4
Starting upload for: John Chapter 3 (NIRV)
Failed to upload John_Chapter_3.mp4: ('invalid_grant: Token has been expired or revoked.', {'error': 'invalid_grant', 'error_description': 'Token has been expired or revoked.'})
Processing pending upload: John_Chapter_4.mp4
Starting upload for: John Chapter 4 (NIRV)
Failed to upload John_Chapter_4.mp4: ('invalid_grant: Token has been expired or revoked.', {'error': 'invalid_grant', 'error_description': 'Token has been expired or revoked.'})
Processing pending upload: John_Chapter_5.mp4
Starting upload for: John Chapter 5 (NIRV)
Failed to upload John_Chapter_5.mp4: ('invalid_grant: Token has been expired or revoked.', {'error': 'invalid_grant', 'error_description': 'Token has been expired or revoked.'})
Processing pending upload: John_Chapter_6.mp4
Starting upload for: John Chapter 6 (NIRV)
Failed to upload John_Chapter_6.mp4: ('invalid_grant: Token has been expired or revoked.', {'error': 'invalid_grant', 'error_description': 'Token has been expired or revoked.'})
Processing pending upload: John_Chapter_7.mp4
Starting upload for: John Chapter 7 (NIRV)
Failed to upload John_Chapter_7.mp4: ('invalid_grant: Token has been expired or revoked.', {'error': 'invalid_grant', 'error_description': 'Token has been expired or revoked.'})
Processing pending upload: John_Chapter_8.mp4
Starting upload for: John Chapter 8 (NIRV)
Failed to upload John_Chapter_8.mp4: ('invalid_grant: Token has been expired or revoked.', {'error': 'invalid_grant', 'error_description': 'Token has been expired or revoked.'})
Processing pending upload: John_Chapter_9.mp4
Starting upload for: John Chapter 9 (NIRV)
Failed to upload John_Chapter_9.mp4: ('invalid_grant: Token has been expired or revoked.', {'error': 'invalid_grant', 'error_description': 'Token has been expired or revoked.'})
Processing pending upload: John_Chapter_10.mp4
Starting upload for: John Chapter 10 (NIRV)
Failed to upload John_Chapter_10.mp4: ('invalid_grant: Token has been expired or revoked.', {'error': 'invalid_grant', 'error_description': 'Token has been expired or revoked.'})
Processing pending upload: John_Chapter_11.mp4
Starting upload for: John Chapter 11 (NIRV)
Failed to upload John_Chapter_11.mp4: ('invalid_grant: Token has been expired or revoked.', {'error': 'invalid_grant', 'error_description': 'Token has been expired or revoked.'})
Processing pending upload: John_Chapter_12.mp4
Starting upload for: John Chapter 12 (NIRV)
Failed to upload John_Chapter_12.mp4: ('invalid_grant: Token has been expired or revoked.', {'error': 'invalid_grant', 'error_description': 'Token has been expired or revoked.'})
Processing pending upload: John_Chapter_13.mp4
Starting upload for: John Chapter 13 (NIRV)
Failed to upload John_Chapter_13.mp4: ('invalid_grant: Token has been expired or revoked.', {'error': 'invalid_grant', 'error_description': 'Token has been expired or revoked.'})
Processing pending upload: John_Chapter_14.mp4
Starting upload for: John Chapter 14 (NIRV)
Failed to upload John_Chapter_14.mp4: ('invalid_grant: Token has been expired or revoked.', {'error': 'invalid_grant', 'error_description': 'Token has been expired or revoked.'})
Processing pending upload: John_Chapter_15.mp4
Starting upload for: John Chapter 15 (NIRV)
Failed to upload John_Chapter_15.mp4: ('invalid_grant: Token has been expired or revoked.', {'error': 'invalid_grant', 'error_description': 'Token has been expired or revoked.'})
Processing pending upload: John_Chapter_16.mp4
Starting upload for: John Chapter 16 (NIRV)
Failed to upload John_Chapter_16.mp4: ('invalid_grant: Token has been expired or revoked.', {'error': 'invalid_grant', 'error_description': 'Token has been expired or revoked.'})
Processing pending upload: John_Chapter_17.mp4
Starting upload for: John Chapter 17 (NIRV)
Failed to upload John_Chapter_17.mp4: ('invalid_grant: Token has been expired or revoked.', {'error': 'invalid_grant', 'error_description': 'Token has been expired or revoked.'})
Processing pending upload: John_Chapter_18.mp4
Starting upload for: John Chapter 18 (NIRV)
Failed to upload John_Chapter_18.mp4: ('invalid_grant: Token has been expired or revoked.', {'error': 'invalid_grant', 'error_description': 'Token has been expired or revoked.'})
Processing pending upload: John_Chapter_19.mp4
Starting upload for: John Chapter 19 (NIRV)
Failed to upload John_Chapter_19.mp4: ('invalid_grant: Token has been expired or revoked.', {'error': 'invalid_grant', 'error_description': 'Token has been expired or revoked.'})
Processing pending upload: John_Chapter_20.mp4
Starting upload for: John Chapter 20 (NIRV)
Failed to upload John_Chapter_20.mp4: ('invalid_grant: Token has been expired or revoked.', {'error': 'invalid_grant', 'error_description': 'Token has been expired or revoked.'})
Processing pending upload: John_Chapter_21.mp4
Starting upload for: John Chapter 21 (NIRV)
Failed to upload John_Chapter_21.mp4: ('invalid_grant: Token has been expired or revoked.', {'error': 'invalid_grant', 'error_description': 'Token has been expired or revoked.'})
Processing pending upload: Acts_Chapter_1.mp4
Starting upload for: Acts Chapter 1 (NIRV)
Failed to upload Acts_Chapter_1.mp4: ('invalid_grant: Token has been expired or revoked.', {'error': 'invalid_grant', 'error_description': 'Token has been expired or revoked.'})
Processing pending upload: Acts_Chapter_2.mp4
Starting upload for: Acts Chapter 2 (NIRV)
Failed to upload Acts_Chapter_2.mp4: ('invalid_grant: Token has been expired or revoked.', {'error': 'invalid_grant', 'error_description': 'Token has been expired or revoked.'})
Processing pending upload: Acts_Chapter_3.mp4
Starting upload for: Acts Chapter 3 (NIRV)
Failed to upload Acts_Chapter_3.mp4: ('invalid_grant: Token has been expired or revoked.', {'error': 'invalid_grant', 'error_description': 'Token has been expired or revoked.'})
Processing pending upload: Acts_Chapter_4.mp4
Starting upload for: Acts Chapter 4 (NIRV)
Failed to upload Acts_Chapter_4.mp4: ('invalid_grant: Token has been expired or revoked.', {'error': 'invalid_grant', 'error_description': 'Token has been expired or revoked.'})
Processing pending upload: Acts_Chapter_5.mp4
Starting upload for: Acts Chapter 5 (NIRV)
Failed to upload Acts_Chapter_5.mp4: ('invalid_grant: Token has been expired or revoked.', {'error': 'invalid_grant', 'error_description': 'Token has been expired or revoked.'})
Processing pending upload: Acts_Chapter_6.mp4
Starting upload for: Acts Chapter 6 (NIRV)
Failed to upload Acts_Chapter_6.mp4: ('invalid_grant: Token has been expired or revoked.', {'error': 'invalid_grant', 'error_description': 'Token has been expired or revoked.'})
Processing pending upload: Acts_Chapter_7.mp4
Starting upload for: Acts Chapter 7 (NIRV)
Failed to upload Acts_Chapter_7.mp4: ('invalid_grant: Token has been expired or revoked.', {'error': 'invalid_grant', 'error_description': 'Token has been expired or revoked.'})
Processing pending upload: Acts_Chapter_8.mp4
Starting upload for: Acts Chapter 8 (NIRV)
Failed to upload Acts_Chapter_8.mp4: ('invalid_grant: Token has been expired or revoked.', {'error': 'invalid_grant', 'error_description': 'Token has been expired or revoked.'})
Processing pending upload: Acts_Chapter_9.mp4
Starting upload for: Acts Chapter 9 (NIRV)
Failed to upload Acts_Chapter_9.mp4: ('invalid_grant: Token has been expired or revoked.', {'error': 'invalid_grant', 'error_description': 'Token has been expired or revoked.'})
Processing pending upload: Acts_Chapter_10.mp4
Starting upload for: Acts Chapter 10 (NIRV)
Failed to upload Acts_Chapter_10.mp4: ('invalid_grant: Token has been expired or revoked.', {'error': 'invalid_grant', 'error_description': 'Token has been expired or revoked.'})
Processing pending upload: Acts_Chapter_11.mp4
Starting upload for: Acts Chapter 11 (NIRV)
Failed to upload Acts_Chapter_11.mp4: ('invalid_grant: Token has been expired or revoked.', {'error': 'invalid_grant', 'error_description': 'Token has been expired or revoked.'})
Processing pending upload: Acts_Chapter_12.mp4
Starting upload for: Acts Chapter 12 (NIRV)
Failed to upload Acts_Chapter_12.mp4: ('invalid_grant: Token has been expired or revoked.', {'error': 'invalid_grant', 'error_description': 'Token has been expired or revoked.'})
Processing pending upload: Acts_Chapter_13.mp4
Starting upload for: Acts Chapter 13 (NIRV)
Failed to upload Acts_Chapter_13.mp4: ('invalid_grant: Token has been expired or revoked.', {'error': 'invalid_grant', 'error_description': 'Token has been expired or revoked.'})
Processing pending upload: Acts_Chapter_14.mp4
Starting upload for: Acts Chapter 14 (NIRV)
Failed to upload Acts_Chapter_14.mp4: ('invalid_grant: Token has been expired or revoked.', {'error': 'invalid_grant', 'error_description': 'Token has been expired or revoked.'})
Processing pending upload: Acts_Chapter_15.mp4
Starting upload for: Acts Chapter 15 (NIRV)
Failed to upload Acts_Chapter_15.mp4: ('invalid_grant: Token has been expired or revoked.', {'error': 'invalid_grant', 'error_description': 'Token has been expired or revoked.'})
Processing pending upload: Acts_Chapter_16.mp4
Starting upload for: Acts Chapter 16 (NIRV)
Failed to upload Acts_Chapter_16.mp4: ('invalid_grant: Token has been expired or revoked.', {'error': 'invalid_grant', 'error_description': 'Token has been expired or revoked.'})
Processing pending upload: Acts_Chapter_17.mp4
Starting upload for: Acts Chapter 17 (NIRV)
Failed to upload Acts_Chapter_17.mp4: ('invalid_grant: Token has been expired or revoked.', {'error': 'invalid_grant', 'error_description': 'Token has been expired or revoked.'})
Processing pending upload: Acts_Chapter_18.mp4
Starting upload for: Acts Chapter 18 (NIRV)
Failed to upload Acts_Chapter_18.mp4: ('invalid_grant: Token has been expired or revoked.', {'error': 'invalid_grant', 'error_description': 'Token has been expired or revoked.'})
Processing pending upload: Acts_Chapter_19.mp4
Starting upload for: Acts Chapter 19 (NIRV)
Failed to upload Acts_Chapter_19.mp4: ('invalid_grant: Token has been expired or revoked.', {'error': 'invalid_grant', 'error_description': 'Token has been expired or revoked.'})
Processing pending upload: Acts_Chapter_20.mp4
Starting upload for: Acts Chapter 20 (NIRV)
Failed to upload Acts_Chapter_20.mp4: ('invalid_grant: Token has been expired or revoked.', {'error': 'invalid_grant', 'error_description': 'Token has been expired or revoked.'})
Processing pending upload: Acts_Chapter_21.mp4
Starting upload for: Acts Chapter 21 (NIRV)
Failed to upload Acts_Chapter_21.mp4: ('invalid_grant: Token has been expired or revoked.', {'error': 'invalid_grant', 'error_description': 'Token has been expired or revoked.'})
Processing pending upload: Acts_Chapter_22.mp4
Starting upload for: Acts Chapter 22 (NIRV)
Failed to upload Acts_Chapter_22.mp4: ('invalid_grant: Token has been expired or revoked.', {'error': 'invalid_grant', 'error_description': 'Token has been expired or revoked.'})
Processing pending upload: Acts_Chapter_23.mp4
Starting upload for: Acts Chapter 23 (NIRV)
Failed to upload Acts_Chapter_23.mp4: ('invalid_grant: Token has been expired or revoked.', {'error': 'invalid_grant', 'error_description': 'Token has been expired or revoked.'})
Processing pending upload: Acts_Chapter_24.mp4
Starting upload for: Acts Chapter 24 (NIRV)
Failed to upload Acts_Chapter_24.mp4: ('invalid_grant: Token has been expired or revoked.', {'error': 'invalid_grant', 'error_description': 'Token has been expired or revoked.'})
Processing pending upload: Acts_Chapter_25.mp4
Starting upload for: Acts Chapter 25 (NIRV)
Failed to upload Acts_Chapter_25.mp4: ('invalid_grant: Token has been expired or revoked.', {'error': 'invalid_grant', 'error_description': 'Token has been expired or revoked.'})
Processing pending upload: Acts_Chapter_26.mp4
Starting upload for: Acts Chapter 26 (NIRV)
Failed to upload Acts_Chapter_26.mp4: ('invalid_grant: Token has been expired or revoked.', {'error': 'invalid_grant', 'error_description': 'Token has been expired or revoked.'})
Processing pending upload: Acts_Chapter_27.mp4
Starting upload for: Acts Chapter 27 (NIRV)
Failed to upload Acts_Chapter_27.mp4: ('invalid_grant: Token has been expired or revoked.', {'error': 'invalid_grant', 'error_description': 'Token has been expired or revoked.'})
Processing pending upload: Acts_Chapter_28.mp4
Starting upload for: Acts Chapter 28 (NIRV)
Failed to upload Acts_Chapter_28.mp4: ('invalid_grant: Token has been expired or revoked.', {'error': 'invalid_grant', 'error_description': 'Token has been expired or revoked.'})
Processing pending upload: Romans_Chapter_1.mp4
Starting upload for: Romans Chapter 1 (NIRV)
Failed to upload Romans_Chapter_1.mp4: ('invalid_grant: Token has been expired or revoked.', {'error': 'invalid_grant', 'error_description': 'Token has been expired or revoked.'})
Processing pending upload: Romans_Chapter_2.mp4
Starting upload for: Romans Chapter 2 (NIRV)
Failed to upload Romans_Chapter_2.mp4: ('invalid_grant: Token has been expired or revoked.', {'error': 'invalid_grant', 'error_description': 'Token has been expired or revoked.'})
Processing pending upload: Romans_Chapter_3.mp4
Starting upload for: Romans Chapter 3 (NIRV)
Failed to upload Romans_Chapter_3.mp4: ('invalid_grant: Token has been expired or revoked.', {'error': 'invalid_grant', 'error_description': 'Token has been expired or revoked.'})
Processing pending upload: Romans_Chapter_4.mp4
Starting upload for: Romans Chapter 4 (NIRV)
Failed to upload Romans_Chapter_4.mp4: ('invalid_grant: Token has been expired or revoked.', {'error': 'invalid_grant', 'error_description': 'Token has been expired or revoked.'})
Processing pending upload: Romans_Chapter_5.mp4
Starting upload for: Romans Chapter 5 (NIRV)
Failed to upload Romans_Chapter_5.mp4: ('invalid_grant: Token has been expired or revoked.', {'error': 'invalid_grant', 'error_description': 'Token has been expired or revoked.'})
Processing pending upload: Romans_Chapter_6.mp4
Starting upload for: Romans Chapter 6 (NIRV)
Failed to upload Romans_Chapter_6.mp4: ('invalid_grant: Token has been expired or revoked.', {'error': 'invalid_grant', 'error_description': 'Token has been expired or revoked.'})
Processing pending upload: Romans_Chapter_7.mp4
Starting upload for: Romans Chapter 7 (NIRV)
Failed to upload Romans_Chapter_7.mp4: ('invalid_grant: Token has been expired or revoked.', {'error': 'invalid_grant', 'error_description': 'Token has been expired or revoked.'})
Processing pending upload: Romans_Chapter_8.mp4
Starting upload for: Romans Chapter 8 (NIRV)
Failed to upload Romans_Chapter_8.mp4: ('invalid_grant: Token has been expired or revoked.', {'error': 'invalid_grant', 'error_description': 'Token has been expired or revoked.'})
Processing pending upload: Romans_Chapter_9.mp4
Starting upload for: Romans Chapter 9 (NIRV)
Failed to upload Romans_Chapter_9.mp4: ('invalid_grant: Token has been expired or revoked.', {'error': 'invalid_grant', 'error_description': 'Token has been expired or revoked.'})
Processing pending upload: Romans_Chapter_10.mp4
Starting upload for: Romans Chapter 10 (NIRV)
Failed to upload Romans_Chapter_10.mp4: ('invalid_grant: Token has been expired or revoked.', {'error': 'invalid_grant', 'error_description': 'Token has been expired or revoked.'})
Processing pending upload: Romans_Chapter_11.mp4
Starting upload for: Romans Chapter 11 (NIRV)
Failed to upload Romans_Chapter_11.mp4: ('invalid_grant: Token has been expired or revoked.', {'error': 'invalid_grant', 'error_description': 'Token has been expired or revoked.'})
Processing pending upload: Romans_Chapter_12.mp4
Starting upload for: Romans Chapter 12 (NIRV)
Failed to upload Romans_Chapter_12.mp4: ('invalid_grant: Token has been expired or revoked.', {'error': 'invalid_grant', 'error_description': 'Token has been expired or revoked.'})
Processing pending upload: Romans_Chapter_13.mp4
Starting upload for: Romans Chapter 13 (NIRV)
Failed to upload Romans_Chapter_13.mp4: ('invalid_grant: Token has been expired or revoked.', {'error': 'invalid_grant', 'error_description': 'Token has been expired or revoked.'})
Processing pending upload: Romans_Chapter_14.mp4
Starting upload for: Romans Chapter 14 (NIRV)
Failed to upload Romans_Chapter_14.mp4: ('invalid_grant: Token has been expired or revoked.', {'error': 'invalid_grant', 'error_description': 'Token has been expired or revoked.'})
Processing pending upload: Romans_Chapter_15.mp4
Starting upload for: Romans Chapter 15 (NIRV)
Failed to upload Romans_Chapter_15.mp4: ('invalid_grant: Token has been expired or revoked.', {'error': 'invalid_grant', 'error_description': 'Token has been expired or revoked.'})
Processing pending upload: Romans_Chapter_16.mp4
Starting upload for: Romans Chapter 16 (NIRV)
Failed to upload Romans_Chapter_16.mp4: ('invalid_grant: Token has been expired or revoked.', {'error': 'invalid_grant', 'error_description': 'Token has been expired or revoked.'})
Processing pending upload: 1_Corinthians_Chapter_1.mp4
Starting upload for: 1 Corinthians Chapter 1 (NIRV)
Failed to upload 1_Corinthians_Chapter_1.mp4: ('invalid_grant: Token has been expired or revoked.', {'error': 'invalid_grant', 'error_description': 'Token has been expired or revoked.'})
Processing pending upload: 1_Corinthians_Chapter_2.mp4
Starting upload for: 1 Corinthians Chapter 2 (NIRV)
Failed to upload 1_Corinthians_Chapter_2.mp4: ('invalid_grant: Token has been expired or revoked.', {'error': 'invalid_grant', 'error_description': 'Token has been expired or revoked.'})
Processing pending upload: 1_Corinthians_Chapter_3.mp4
Starting upload for: 1 Corinthians Chapter 3 (NIRV)
Failed to upload 1_Corinthians_Chapter_3.mp4: ('invalid_grant: Token has been expired or revoked.', {'error': 'invalid_grant', 'error_description': 'Token has been expired or revoked.'})
Processing pending upload: 1_Corinthians_Chapter_4.mp4
Starting upload for: 1 Corinthians Chapter 4 (NIRV)
Failed to upload 1_Corinthians_Chapter_4.mp4: ('invalid_grant: Token has been expired or revoked.', {'error': 'invalid_grant', 'error_description': 'Token has been expired or revoked.'})
Processing pending upload: 1_Corinthians_Chapter_5.mp4
Starting upload for: 1 Corinthians Chapter 5 (NIRV)
Failed to upload 1_Corinthians_Chapter_5.mp4: ('invalid_grant: Token has been expired or revoked.', {'error': 'invalid_grant', 'error_description': 'Token has been expired or revoked.'})
Processing pending upload: 1_Corinthians_Chapter_6.mp4
Starting upload for: 1 Corinthians Chapter 6 (NIRV)
Failed to upload 1_Corinthians_Chapter_6.mp4: ('invalid_grant: Token has been expired or revoked.', {'error': 'invalid_grant', 'error_description': 'Token has been expired or revoked.'})
Processing pending upload: 1_Corinthians_Chapter_7.mp4
Starting upload for: 1 Corinthians Chapter 7 (NIRV)
Failed to upload 1_Corinthians_Chapter_7.mp4: ('invalid_grant: Token has been expired or revoked.', {'error': 'invalid_grant', 'error_description': 'Token has been expired or revoked.'})
Processing pending upload: 1_Corinthians_Chapter_8.mp4
Starting upload for: 1 Corinthians Chapter 8 (NIRV)
Failed to upload 1_Corinthians_Chapter_8.mp4: ('invalid_grant: Token has been expired or revoked.', {'error': 'invalid_grant', 'error_description': 'Token has been expired or revoked.'})
Processing pending upload: 1_Corinthians_Chapter_9.mp4
Starting upload for: 1 Corinthians Chapter 9 (NIRV)
Failed to upload 1_Corinthians_Chapter_9.mp4: ('invalid_grant: Token has been expired or revoked.', {'error': 'invalid_grant', 'error_description': 'Token has been expired or revoked.'})
Processing pending upload: 1_Corinthians_Chapter_10.mp4
Starting upload for: 1 Corinthians Chapter 10 (NIRV)
Failed to upload 1_Corinthians_Chapter_10.mp4: ('invalid_grant: Token has been expired or revoked.', {'error': 'invalid_grant', 'error_description': 'Token has been expired or revoked.'})
Processing pending upload: 1_Corinthians_Chapter_11.mp4
Starting upload for: 1 Corinthians Chapter 11 (NIRV)
Failed to upload 1_Corinthians_Chapter_11.mp4: ('invalid_grant: Token has been expired or revoked.', {'error': 'invalid_grant', 'error_description': 'Token has been expired or revoked.'})
Processing pending upload: 1_Corinthians_Chapter_12.mp4
Starting upload for: 1 Corinthians Chapter 12 (NIRV)
Failed to upload 1_Corinthians_Chapter_12.mp4: ('invalid_grant: Token has been expired or revoked.', {'error': 'invalid_grant', 'error_description': 'Token has been expired or revoked.'})
Processing pending upload: 1_Corinthians_Chapter_13.mp4
Starting upload for: 1 Corinthians Chapter 13 (NIRV)
Failed to upload 1_Corinthians_Chapter_13.mp4: ('invalid_grant: Token has been expired or revoked.', {'error': 'invalid_grant', 'error_description': 'Token has been expired or revoked.'})
Processing pending upload: 1_Corinthians_Chapter_14.mp4
Starting upload for: 1 Corinthians Chapter 14 (NIRV)
Failed to upload 1_Corinthians_Chapter_14.mp4: ('invalid_grant: Token has been expired or revoked.', {'error': 'invalid_grant', 'error_description': 'Token has been expired or revoked.'})
Processing pending upload: 1_Corinthians_Chapter_15.mp4
Starting upload for: 1 Corinthians Chapter 15 (NIRV)
Failed to upload 1_Corinthians_Chapter_15.mp4: ('invalid_grant: Token has been expired or revoked.', {'error': 'invalid_grant', 'error_description': 'Token has been expired or revoked.'})
Processing pending upload: 1_Corinthians_Chapter_16.mp4
Starting upload for: 1 Corinthians Chapter 16 (NIRV)
Failed to upload 1_Corinthians_Chapter_16.mp4: ('invalid_grant: Token has been expired or revoked.', {'error': 'invalid_grant', 'error_description': 'Token has been expired or revoked.'})
Processing pending upload: 2_Corinthians_Chapter_1.mp4
Starting upload for: 2 Corinthians Chapter 1 (NIRV)
Failed to upload 2_Corinthians_Chapter_1.mp4: ('invalid_grant: Token has been expired or revoked.', {'error': 'invalid_grant', 'error_description': 'Token has been expired or revoked.'})
Processing pending upload: 2_Corinthians_Chapter_2.mp4
Starting upload for: 2 Corinthians Chapter 2 (NIRV)
Failed to upload 2_Corinthians_Chapter_2.mp4: ('invalid_grant: Token has been expired or revoked.', {'error': 'invalid_grant', 'error_description': 'Token has been expired or revoked.'})
Processing pending upload: 2_Corinthians_Chapter_3.mp4
Starting upload for: 2 Corinthians Chapter 3 (NIRV)
Failed to upload 2_Corinthians_Chapter_3.mp4: ('invalid_grant: Token has been expired or revoked.', {'error': 'invalid_grant', 'error_description': 'Token has been expired or revoked.'})
Processing pending upload: 2_Corinthians_Chapter_4.mp4
Starting upload for: 2 Corinthians Chapter 4 (NIRV)
Failed to upload 2_Corinthians_Chapter_4.mp4: ('invalid_grant: Token has been expired or revoked.', {'error': 'invalid_grant', 'error_description': 'Token has been expired or revoked.'})
Processing pending upload: 2_Corinthians_Chapter_5.mp4
Starting upload for: 2 Corinthians Chapter 5 (NIRV)
Failed to upload 2_Corinthians_Chapter_5.mp4: ('invalid_grant: Token has been expired or revoked.', {'error': 'invalid_grant', 'error_description': 'Token has been expired or revoked.'})
Processing pending upload: 2_Corinthians_Chapter_6.mp4
Starting upload for: 2 Corinthians Chapter 6 (NIRV)
Failed to upload 2_Corinthians_Chapter_6.mp4: ('invalid_grant: Token has been expired or revoked.', {'error': 'invalid_grant', 'error_description': 'Token has been expired or revoked.'})
Processing pending upload: 2_Corinthians_Chapter_7.mp4
Starting upload for: 2 Corinthians Chapter 7 (NIRV)
Failed to upload 2_Corinthians_Chapter_7.mp4: ('invalid_grant: Token has been expired or revoked.', {'error': 'invalid_grant', 'error_description': 'Token has been expired or revoked.'})
Processing pending upload: 2_Corinthians_Chapter_8.mp4
Starting upload for: 2 Corinthians Chapter 8 (NIRV)
Failed to upload 2_Corinthians_Chapter_8.mp4: ('invalid_grant: Token has been expired or revoked.', {'error': 'invalid_grant', 'error_description': 'Token has been expired or revoked.'})
Processing pending upload: 2_Corinthians_Chapter_9.mp4
Starting upload for: 2 Corinthians Chapter 9 (NIRV)
Failed to upload 2_Corinthians_Chapter_9.mp4: ('invalid_grant: Token has been expired or revoked.', {'error': 'invalid_grant', 'error_description': 'Token has been expired or revoked.'})
Processing pending upload: 2_Corinthians_Chapter_10.mp4
Starting upload for: 2 Corinthians Chapter 10 (NIRV)
Failed to upload 2_Corinthians_Chapter_10.mp4: ('invalid_grant: Token has been expired or revoked.', {'error': 'invalid_grant', 'error_description': 'Token has been expired or revoked.'})
Processing pending upload: 2_Corinthians_Chapter_11.mp4
Starting upload for: 2 Corinthians Chapter 11 (NIRV)
Failed to upload 2_Corinthians_Chapter_11.mp4: ('invalid_grant: Token has been expired or revoked.', {'error': 'invalid_grant', 'error_description': 'Token has been expired or revoked.'})
Processing pending upload: 2_Corinthians_Chapter_12.mp4
Starting upload for: 2 Corinthians Chapter 12 (NIRV)
Failed to upload 2_Corinthians_Chapter_12.mp4: ('invalid_grant: Token has been expired or revoked.', {'error': 'invalid_grant', 'error_description': 'Token has been expired or revoked.'})
Processing pending upload: 2_Corinthians_Chapter_13.mp4
Starting upload for: 2 Corinthians Chapter 13 (NIRV)
Failed to upload 2_Corinthians_Chapter_13.mp4: ('invalid_grant: Token has been expired or revoked.', {'error': 'invalid_grant', 'error_description': 'Token has been expired or revoked.'})
Processing pending upload: Galatians_Chapter_1.mp4
Starting upload for: Galatians Chapter 1 (NIRV)
Failed to upload Galatians_Chapter_1.mp4: ('invalid_grant: Token has been expired or revoked.', {'error': 'invalid_grant', 'error_description': 'Token has been expired or revoked.'})
Processing pending upload: Galatians_Chapter_2.mp4
Starting upload for: Galatians Chapter 2 (NIRV)
Failed to upload Galatians_Chapter_2.mp4: ('invalid_grant: Token has been expired or revoked.', {'error': 'invalid_grant', 'error_description': 'Token has been expired or revoked.'})
Processing pending upload: Galatians_Chapter_3.mp4
Starting upload for: Galatians Chapter 3 (NIRV)
Failed to upload Galatians_Chapter_3.mp4: ('invalid_grant: Token has been expired or revoked.', {'error': 'invalid_grant', 'error_description': 'Token has been expired or revoked.'})
Processing pending upload: Galatians_Chapter_4.mp4
Starting upload for: Galatians Chapter 4 (NIRV)
Failed to upload Galatians_Chapter_4.mp4: ('invalid_grant: Token has been expired or revoked.', {'error': 'invalid_grant', 'error_description': 'Token has been expired or revoked.'})
Processing pending upload: Galatians_Chapter_5.mp4
Starting upload for: Galatians Chapter 5 (NIRV)
Failed to upload Galatians_Chapter_5.mp4: ('invalid_grant: Token has been expired or revoked.', {'error': 'invalid_grant', 'error_description': 'Token has been expired or revoked.'})
Processing pending upload: Galatians_Chapter_6.mp4
Starting upload for: Galatians Chapter 6 (NIRV)
Failed to upload Galatians_Chapter_6.mp4: ('invalid_grant: Token has been expired or revoked.', {'error': 'invalid_grant', 'error_description': 'Token has been expired or revoked.'})
Processing pending upload: Ephesians_Chapter_1.mp4
Starting upload for: Ephesians Chapter 1 (NIRV)
Failed to upload Ephesians_Chapter_1.mp4: ('invalid_grant: Token has been expired or revoked.', {'error': 'invalid_grant', 'error_description': 'Token has been expired or revoked.'})
Processing pending upload: Ephesians_Chapter_2.mp4
Starting upload for: Ephesians Chapter 2 (NIRV)
Failed to upload Ephesians_Chapter_2.mp4: ('invalid_grant: Token has been expired or revoked.', {'error': 'invalid_grant', 'error_description': 'Token has been expired or revoked.'})
Processing pending upload: Ephesians_Chapter_3.mp4
Starting upload for: Ephesians Chapter 3 (NIRV)
Failed to upload Ephesians_Chapter_3.mp4: ('invalid_grant: Token has been expired or revoked.', {'error': 'invalid_grant', 'error_description': 'Token has been expired or revoked.'})
Processing pending upload: Ephesians_Chapter_4.mp4
Starting upload for: Ephesians Chapter 4 (NIRV)
Failed to upload Ephesians_Chapter_4.mp4: ('invalid_grant: Token has been expired or revoked.', {'error': 'invalid_grant', 'error_description': 'Token has been expired or revoked.'})
Processing pending upload: Ephesians_Chapter_5.mp4
Starting upload for: Ephesians Chapter 5 (NIRV)
Failed to upload Ephesians_Chapter_5.mp4: ('invalid_grant: Token has been expired or revoked.', {'error': 'invalid_grant', 'error_description': 'Token has been expired or revoked.'})
Processing pending upload: Ephesians_Chapter_6.mp4
Starting upload for: Ephesians Chapter 6 (NIRV)
Failed to upload Ephesians_Chapter_6.mp4: ('invalid_grant: Token has been expired or revoked.', {'error': 'invalid_grant', 'error_description': 'Token has been expired or revoked.'})
Processing pending upload: Philippians_Chapter_1.mp4
Starting upload for: Philippians Chapter 1 (NIRV)
Failed to upload Philippians_Chapter_1.mp4: ('invalid_grant: Token has been expired or revoked.', {'error': 'invalid_grant', 'error_description': 'Token has been expired or revoked.'})
Processing pending upload: Philippians_Chapter_2.mp4
Starting upload for: Philippians Chapter 2 (NIRV)
Failed to upload Philippians_Chapter_2.mp4: ('invalid_grant: Token has been expired or revoked.', {'error': 'invalid_grant', 'error_description': 'Token has been expired or revoked.'})
Processing pending upload: Philippians_Chapter_3.mp4
Starting upload for: Philippians Chapter 3 (NIRV)
Failed to upload Philippians_Chapter_3.mp4: ('invalid_grant: Token has been expired or revoked.', {'error': 'invalid_grant', 'error_description': 'Token has been expired or revoked.'})
Processing pending upload: Philippians_Chapter_4.mp4
Starting upload for: Philippians Chapter 4 (NIRV)
Failed to upload Philippians_Chapter_4.mp4: ('invalid_grant: Token has been expired or revoked.', {'error': 'invalid_grant', 'error_description': 'Token has been expired or revoked.'})
Processing pending upload: Colossians_Chapter_1.mp4
Starting upload for: Colossians Chapter 1 (NIRV)
Failed to upload Colossians_Chapter_1.mp4: ('invalid_grant: Token has been expired or revoked.', {'error': 'invalid_grant', 'error_description': 'Token has been expired or revoked.'})
Processing pending upload: Colossians_Chapter_2.mp4
Starting upload for: Colossians Chapter 2 (NIRV)
Failed to upload Colossians_Chapter_2.mp4: ('invalid_grant: Token has been expired or revoked.', {'error': 'invalid_grant', 'error_description': 'Token has been expired or revoked.'})
Processing pending upload: Colossians_Chapter_3.mp4
Starting upload for: Colossians Chapter 3 (NIRV)
Failed to upload Colossians_Chapter_3.mp4: ('invalid_grant: Token has been expired or revoked.', {'error': 'invalid_grant', 'error_description': 'Token has been expired or revoked.'})
Processing pending upload: Colossians_Chapter_4.mp4
Starting upload for: Colossians Chapter 4 (NIRV)
Failed to upload Colossians_Chapter_4.mp4: ('invalid_grant: Token has been expired or revoked.', {'error': 'invalid_grant', 'error_description': 'Token has been expired or revoked.'})
Processing pending upload: 1_Thessalonians_Chapter_1.mp4
Starting upload for: 1 Thessalonians Chapter 1 (NIRV)
Failed to upload 1_Thessalonians_Chapter_1.mp4: ('invalid_grant: Token has been expired or revoked.', {'error': 'invalid_grant', 'error_description': 'Token has been expired or revoked.'})
Processing pending upload: 1_Thessalonians_Chapter_2.mp4
Starting upload for: 1 Thessalonians Chapter 2 (NIRV)
Failed to upload 1_Thessalonians_Chapter_2.mp4: ('invalid_grant: Token has been expired or revoked.', {'error': 'invalid_grant', 'error_description': 'Token has been expired or revoked.'})
Processing pending upload: 1_Thessalonians_Chapter_3.mp4
Starting upload for: 1 Thessalonians Chapter 3 (NIRV)
Failed to upload 1_Thessalonians_Chapter_3.mp4: ('invalid_grant: Token has been expired or revoked.', {'error': 'invalid_grant', 'error_description': 'Token has been expired or revoked.'})
Processing pending upload: 1_Thessalonians_Chapter_4.mp4
Starting upload for: 1 Thessalonians Chapter 4 (NIRV)
Failed to upload 1_Thessalonians_Chapter_4.mp4: ('invalid_grant: Token has been expired or revoked.', {'error': 'invalid_grant', 'error_description': 'Token has been expired or revoked.'})
Processing pending upload: 1_Thessalonians_Chapter_5.mp4
Starting upload for: 1 Thessalonians Chapter 5 (NIRV)
Failed to upload 1_Thessalonians_Chapter_5.mp4: ('invalid_grant: Token has been expired or revoked.', {'error': 'invalid_grant', 'error_description': 'Token has been expired or revoked.'})
Processing pending upload: 2_Thessalonians_Chapter_1.mp4
Starting upload for: 2 Thessalonians Chapter 1 (NIRV)
Failed to upload 2_Thessalonians_Chapter_1.mp4: ('invalid_grant: Token has been expired or revoked.', {'error': 'invalid_grant', 'error_description': 'Token has been expired or revoked.'})
Processing pending upload: 2_Thessalonians_Chapter_2.mp4
Starting upload for: 2 Thessalonians Chapter 2 (NIRV)
Failed to upload 2_Thessalonians_Chapter_2.mp4: ('invalid_grant: Token has been expired or revoked.', {'error': 'invalid_grant', 'error_description': 'Token has been expired or revoked.'})
Processing pending upload: 2_Thessalonians_Chapter_3.mp4
Starting upload for: 2 Thessalonians Chapter 3 (NIRV)
Failed to upload 2_Thessalonians_Chapter_3.mp4: ('invalid_grant: Token has been expired or revoked.', {'error': 'invalid_grant', 'error_description': 'Token has been expired or revoked.'})
Processing pending upload: 1_Timothy_Chapter_1.mp4
Starting upload for: 1 Timothy Chapter 1 (NIRV)
Failed to upload 1_Timothy_Chapter_1.mp4: ('invalid_grant: Token has been expired or revoked.', {'error': 'invalid_grant', 'error_description': 'Token has been expired or revoked.'})
Processing pending upload: 1_Timothy_Chapter_2.mp4
Starting upload for: 1 Timothy Chapter 2 (NIRV)
Failed to upload 1_Timothy_Chapter_2.mp4: ('invalid_grant: Token has been expired or revoked.', {'error': 'invalid_grant', 'error_description': 'Token has been expired or revoked.'})
Processing pending upload: 1_Timothy_Chapter_3.mp4
Starting upload for: 1 Timothy Chapter 3 (NIRV)
Failed to upload 1_Timothy_Chapter_3.mp4: ('invalid_grant: Token has been expired or revoked.', {'error': 'invalid_grant', 'error_description': 'Token has been expired or revoked.'})
Processing pending upload: 1_Timothy_Chapter_4.mp4
Starting upload for: 1 Timothy Chapter 4 (NIRV)
Failed to upload 1_Timothy_Chapter_4.mp4: ('invalid_grant: Token has been expired or revoked.', {'error': 'invalid_grant', 'error_description': 'Token has been expired or revoked.'})
Processing pending upload: 1_Timothy_Chapter_5.mp4
Starting upload for: 1 Timothy Chapter 5 (NIRV)
Failed to upload 1_Timothy_Chapter_5.mp4: ('invalid_grant: Token has been expired or revoked.', {'error': 'invalid_grant', 'error_description': 'Token has been expired or revoked.'})
Processing pending upload: 1_Timothy_Chapter_6.mp4
Starting upload for: 1 Timothy Chapter 6 (NIRV)
Failed to upload 1_Timothy_Chapter_6.mp4: ('invalid_grant: Token has been expired or revoked.', {'error': 'invalid_grant', 'error_description': 'Token has been expired or revoked.'})
Processing pending upload: 2_Timothy_Chapter_1.mp4
Starting upload for: 2 Timothy Chapter 1 (NIRV)
Failed to upload 2_Timothy_Chapter_1.mp4: ('invalid_grant: Token has been expired or revoked.', {'error': 'invalid_grant', 'error_description': 'Token has been expired or revoked.'})
Processing pending upload: 2_Timothy_Chapter_2.mp4
Starting upload for: 2 Timothy Chapter 2 (NIRV)
Failed to upload 2_Timothy_Chapter_2.mp4: ('invalid_grant: Token has been expired or revoked.', {'error': 'invalid_grant', 'error_description': 'Token has been expired or revoked.'})
Processing pending upload: 2_Timothy_Chapter_3.mp4
Starting upload for: 2 Timothy Chapter 3 (NIRV)
Failed to upload 2_Timothy_Chapter_3.mp4: ('invalid_grant: Token has been expired or revoked.', {'error': 'invalid_grant', 'error_description': 'Token has been expired or revoked.'})
Processing pending upload: 2_Timothy_Chapter_4.mp4
Starting upload for: 2 Timothy Chapter 4 (NIRV)
Failed to upload 2_Timothy_Chapter_4.mp4: ('invalid_grant: Token has been expired or revoked.', {'error': 'invalid_grant', 'error_description': 'Token has been expired or revoked.'})
Processing pending upload: Titus_Chapter_1.mp4
Starting upload for: Titus Chapter 1 (NIRV)
Failed to upload Titus_Chapter_1.mp4: ('invalid_grant: Token has been expired or revoked.', {'error': 'invalid_grant', 'error_description': 'Token has been expired or revoked.'})
Processing pending upload: Titus_Chapter_2.mp4
Starting upload for: Titus Chapter 2 (NIRV)
Failed to upload Titus_Chapter_2.mp4: ('invalid_grant: Token has been expired or revoked.', {'error': 'invalid_grant', 'error_description': 'Token has been expired or revoked.'})
Processing pending upload: Titus_Chapter_3.mp4
Starting upload for: Titus Chapter 3 (NIRV)
Failed to upload Titus_Chapter_3.mp4: ('invalid_grant: Token has been expired or revoked.', {'error': 'invalid_grant', 'error_description': 'Token has been expired or revoked.'})
Processing pending upload: Philemon_Chapter_1.mp4
Starting upload for: Philemon Chapter 1 (NIRV)
Failed to upload Philemon_Chapter_1.mp4: ('invalid_grant: Token has been expired or revoked.', {'error': 'invalid_grant', 'error_description': 'Token has been expired or revoked.'})
Processing pending upload: Hebrews_Chapter_1.mp4
Starting upload for: Hebrews Chapter 1 (NIRV)
Failed to upload Hebrews_Chapter_1.mp4: ('invalid_grant: Token has been expired or revoked.', {'error': 'invalid_grant', 'error_description': 'Token has been expired or revoked.'})
Processing pending upload: Hebrews_Chapter_2.mp4
Starting upload for: Hebrews Chapter 2 (NIRV)
Failed to upload Hebrews_Chapter_2.mp4: ('invalid_grant: Token has been expired or revoked.', {'error': 'invalid_grant', 'error_description': 'Token has been expired or revoked.'})
Processing pending upload: Hebrews_Chapter_3.mp4
Starting upload for: Hebrews Chapter 3 (NIRV)
Failed to upload Hebrews_Chapter_3.mp4: ('invalid_grant: Token has been expired or revoked.', {'error': 'invalid_grant', 'error_description': 'Token has been expired or revoked.'})
Processing pending upload: Hebrews_Chapter_4.mp4
Starting upload for: Hebrews Chapter 4 (NIRV)
Failed to upload Hebrews_Chapter_4.mp4: ('invalid_grant: Token has been expired or revoked.', {'error': 'invalid_grant', 'error_description': 'Token has been expired or revoked.'})
Processing pending upload: Hebrews_Chapter_5.mp4
Starting upload for: Hebrews Chapter 5 (NIRV)
Failed to upload Hebrews_Chapter_5.mp4: ('invalid_grant: Token has been expired or revoked.', {'error': 'invalid_grant', 'error_description': 'Token has been expired or revoked.'})
Processing pending upload: Hebrews_Chapter_6.mp4
Starting upload for: Hebrews Chapter 6 (NIRV)
Failed to upload Hebrews_Chapter_6.mp4: ('invalid_grant: Token has been expired or revoked.', {'error': 'invalid_grant', 'error_description': 'Token has been expired or revoked.'})
Processing pending upload: Hebrews_Chapter_7.mp4
Starting upload for: Hebrews Chapter 7 (NIRV)
Failed to upload Hebrews_Chapter_7.mp4: ('invalid_grant: Token has been expired or revoked.', {'error': 'invalid_grant', 'error_description': 'Token has been expired or revoked.'})
Processing pending upload: Hebrews_Chapter_8.mp4
Starting upload for: Hebrews Chapter 8 (NIRV)
Failed to upload Hebrews_Chapter_8.mp4: ('invalid_grant: Token has been expired or revoked.', {'error': 'invalid_grant', 'error_description': 'Token has been expired or revoked.'})
Processing pending upload: Hebrews_Chapter_9.mp4
Starting upload for: Hebrews Chapter 9 (NIRV)
Failed to upload Hebrews_Chapter_9.mp4: ('invalid_grant: Token has been expired or revoked.', {'error': 'invalid_grant', 'error_description': 'Token has been expired or revoked.'})
Processing pending upload: Hebrews_Chapter_10.mp4
Starting upload for: Hebrews Chapter 10 (NIRV)
Failed to upload Hebrews_Chapter_10.mp4: ('invalid_grant: Token has been expired or revoked.', {'error': 'invalid_grant', 'error_description': 'Token has been expired or revoked.'})
Processing pending upload: Hebrews_Chapter_11.mp4
Starting upload for: Hebrews Chapter 11 (NIRV)
Failed to upload Hebrews_Chapter_11.mp4: ('invalid_grant: Token has been expired or revoked.', {'error': 'invalid_grant', 'error_description': 'Token has been expired or revoked.'})
Processing pending upload: Hebrews_Chapter_12.mp4
Starting upload for: Hebrews Chapter 12 (NIRV)
Failed to upload Hebrews_Chapter_12.mp4: ('invalid_grant: Token has been expired or revoked.', {'error': 'invalid_grant', 'error_description': 'Token has been expired or revoked.'})
Processing pending upload: Hebrews_Chapter_13.mp4
Starting upload for: Hebrews Chapter 13 (NIRV)
Failed to upload Hebrews_Chapter_13.mp4: ('invalid_grant: Token has been expired or revoked.', {'error': 'invalid_grant', 'error_description': 'Token has been expired or revoked.'})
Processing pending upload: James_Chapter_1.mp4
Starting upload for: James Chapter 1 (NIRV)
Failed to upload James_Chapter_1.mp4: ('invalid_grant: Token has been expired or revoked.', {'error': 'invalid_grant', 'error_description': 'Token has been expired or revoked.'})
Processing pending upload: James_Chapter_2.mp4
Starting upload for: James Chapter 2 (NIRV)
Failed to upload James_Chapter_2.mp4: ('invalid_grant: Token has been expired or revoked.', {'error': 'invalid_grant', 'error_description': 'Token has been expired or revoked.'})
Processing pending upload: James_Chapter_3.mp4
Starting upload for: James Chapter 3 (NIRV)
Failed to upload James_Chapter_3.mp4: ('invalid_grant: Token has been expired or revoked.', {'error': 'invalid_grant', 'error_description': 'Token has been expired or revoked.'})
Processing pending upload: James_Chapter_4.mp4
Starting upload for: James Chapter 4 (NIRV)
Failed to upload James_Chapter_4.mp4: ('invalid_grant: Token has been expired or revoked.', {'error': 'invalid_grant', 'error_description': 'Token has been expired or revoked.'})
Processing pending upload: James_Chapter_5.mp4
Starting upload for: James Chapter 5 (NIRV)
Failed to upload James_Chapter_5.mp4: ('invalid_grant: Token has been expired or revoked.', {'error': 'invalid_grant', 'error_description': 'Token has been expired or revoked.'})
Processing pending upload: 1_Peter_Chapter_1.mp4
Starting upload for: 1 Peter Chapter 1 (NIRV)
Failed to upload 1_Peter_Chapter_1.mp4: ('invalid_grant: Token has been expired or revoked.', {'error': 'invalid_grant', 'error_description': 'Token has been expired or revoked.'})
Processing pending upload: 1_Peter_Chapter_2.mp4
Starting upload for: 1 Peter Chapter 2 (NIRV)
Failed to upload 1_Peter_Chapter_2.mp4: ('invalid_grant: Token has been expired or revoked.', {'error': 'invalid_grant', 'error_description': 'Token has been expired or revoked.'})
Processing pending upload: 1_Peter_Chapter_3.mp4
Starting upload for: 1 Peter Chapter 3 (NIRV)
Failed to upload 1_Peter_Chapter_3.mp4: ('invalid_grant: Token has been expired or revoked.', {'error': 'invalid_grant', 'error_description': 'Token has been expired or revoked.'})
Processing pending upload: 1_Peter_Chapter_4.mp4
Starting upload for: 1 Peter Chapter 4 (NIRV)
Failed to upload 1_Peter_Chapter_4.mp4: ('invalid_grant: Token has been expired or revoked.', {'error': 'invalid_grant', 'error_description': 'Token has been expired or revoked.'})
Processing pending upload: 1_Peter_Chapter_5.mp4
Starting upload for: 1 Peter Chapter 5 (NIRV)
Failed to upload 1_Peter_Chapter_5.mp4: ('invalid_grant: Token has been expired or revoked.', {'error': 'invalid_grant', 'error_description': 'Token has been expired or revoked.'})
Processing pending upload: 2_Peter_Chapter_1.mp4
Starting upload for: 2 Peter Chapter 1 (NIRV)
Failed to upload 2_Peter_Chapter_1.mp4: ('invalid_grant: Token has been expired or revoked.', {'error': 'invalid_grant', 'error_description': 'Token has been expired or revoked.'})
Processing pending upload: 2_Peter_Chapter_2.mp4
Starting upload for: 2 Peter Chapter 2 (NIRV)
Failed to upload 2_Peter_Chapter_2.mp4: ('invalid_grant: Token has been expired or revoked.', {'error': 'invalid_grant', 'error_description': 'Token has been expired or revoked.'})
Processing pending upload: 2_Peter_Chapter_3.mp4
Starting upload for: 2 Peter Chapter 3 (NIRV)
Failed to upload 2_Peter_Chapter_3.mp4: ('invalid_grant: Token has been expired or revoked.', {'error': 'invalid_grant', 'error_description': 'Token has been expired or revoked.'})
Processing pending upload: 1_John_Chapter_1.mp4
Starting upload for: 1 John Chapter 1 (NIRV)
Failed to upload 1_John_Chapter_1.mp4: ('invalid_grant: Token has been expired or revoked.', {'error': 'invalid_grant', 'error_description': 'Token has been expired or revoked.'})
Processing pending upload: 1_John_Chapter_2.mp4
Starting upload for: 1 John Chapter 2 (NIRV)
Failed to upload 1_John_Chapter_2.mp4: ('invalid_grant: Token has been expired or revoked.', {'error': 'invalid_grant', 'error_description': 'Token has been expired or revoked.'})
Processing pending upload: 1_John_Chapter_3.mp4
Starting upload for: 1 John Chapter 3 (NIRV)
Failed to upload 1_John_Chapter_3.mp4: ('invalid_grant: Token has been expired or revoked.', {'error': 'invalid_grant', 'error_description': 'Token has been expired or revoked.'})
Processing pending upload: 1_John_Chapter_4.mp4
Starting upload for: 1 John Chapter 4 (NIRV)
Failed to upload 1_John_Chapter_4.mp4: ('invalid_grant: Token has been expired or revoked.', {'error': 'invalid_grant', 'error_description': 'Token has been expired or revoked.'})
Processing pending upload: 1_John_Chapter_5.mp4
Starting upload for: 1 John Chapter 5 (NIRV)
Failed to upload 1_John_Chapter_5.mp4: ('invalid_grant: Token has been expired or revoked.', {'error': 'invalid_grant', 'error_description': 'Token has been expired or revoked.'})
Processing pending upload: 2_John_Chapter_1.mp4
Starting upload for: 2 John Chapter 1 (NIRV)
Failed to upload 2_John_Chapter_1.mp4: ('invalid_grant: Token has been expired or revoked.', {'error': 'invalid_grant', 'error_description': 'Token has been expired or revoked.'})
Processing pending upload: 3_John_Chapter_1.mp4
Starting upload for: 3 John Chapter 1 (NIRV)
Failed to upload 3_John_Chapter_1.mp4: ('invalid_grant: Token has been expired or revoked.', {'error': 'invalid_grant', 'error_description': 'Token has been expired or revoked.'})
Processing pending upload: Jude_Chapter_1.mp4
Starting upload for: Jude Chapter 1 (NIRV)
Failed to upload Jude_Chapter_1.mp4: ('invalid_grant: Token has been expired or revoked.', {'error': 'invalid_grant', 'error_description': 'Token has been expired or revoked.'})
Processing pending upload: Revelation_Chapter_1.mp4
Starting upload for: Revelation Chapter 1 (NIRV)
Failed to upload Revelation_Chapter_1.mp4: ('invalid_grant: Token has been expired or revoked.', {'error': 'invalid_grant', 'error_description': 'Token has been expired or revoked.'})
Processing pending upload: Revelation_Chapter_2.mp4
Starting upload for: Revelation Chapter 2 (NIRV)
Failed to upload Revelation_Chapter_2.mp4: ('invalid_grant: Token has been expired or revoked.', {'error': 'invalid_grant', 'error_description': 'Token has been expired or revoked.'})
Processing pending upload: Revelation_Chapter_3.mp4
Starting upload for: Revelation Chapter 3 (NIRV)
Failed to upload Revelation_Chapter_3.mp4: ('invalid_grant: Token has been expired or revoked.', {'error': 'invalid_grant', 'error_description': 'Token has been expired or revoked.'})
Processing pending upload: Revelation_Chapter_4.mp4
Starting upload for: Revelation Chapter 4 (NIRV)
Failed to upload Revelation_Chapter_4.mp4: ('invalid_grant: Token has been expired or revoked.', {'error': 'invalid_grant', 'error_description': 'Token has been expired or revoked.'})
Processing pending upload: Revelation_Chapter_5.mp4
Starting upload for: Revelation Chapter 5 (NIRV)
Failed to upload Revelation_Chapter_5.mp4: ('invalid_grant: Token has been expired or revoked.', {'error': 'invalid_grant', 'error_description': 'Token has been expired or revoked.'})
Processing pending upload: Revelation_Chapter_6.mp4
Starting upload for: Revelation Chapter 6 (NIRV)
Failed to upload Revelation_Chapter_6.mp4: ('invalid_grant: Token has been expired or revoked.', {'error': 'invalid_grant', 'error_description': 'Token has been expired or revoked.'})
Processing pending upload: Revelation_Chapter_7.mp4
Starting upload for: Revelation Chapter 7 (NIRV)
Failed to upload Revelation_Chapter_7.mp4: ('invalid_grant: Token has been expired or revoked.', {'error': 'invalid_grant', 'error_description': 'Token has been expired or revoked.'})
Processing pending upload: Revelation_Chapter_8.mp4
Starting upload for: Revelation Chapter 8 (NIRV)
Failed to upload Revelation_Chapter_8.mp4: ('invalid_grant: Token has been expired or revoked.', {'error': 'invalid_grant', 'error_description': 'Token has been expired or revoked.'})
Processing pending upload: Revelation_Chapter_9.mp4
Starting upload for: Revelation Chapter 9 (NIRV)
Failed to upload Revelation_Chapter_9.mp4: ('invalid_grant: Token has been expired or revoked.', {'error': 'invalid_grant', 'error_description': 'Token has been expired or revoked.'})
Processing pending upload: Revelation_Chapter_10.mp4
Starting upload for: Revelation Chapter 10 (NIRV)
Failed to upload Revelation_Chapter_10.mp4: ('invalid_grant: Token has been expired or revoked.', {'error': 'invalid_grant', 'error_description': 'Token has been expired or revoked.'})
Processing pending upload: Revelation_Chapter_11.mp4
Starting upload for: Revelation Chapter 11 (NIRV)
Failed to upload Revelation_Chapter_11.mp4: ('invalid_grant: Token has been expired or revoked.', {'error': 'invalid_grant', 'error_description': 'Token has been expired or revoked.'})
Processing pending upload: Revelation_Chapter_12.mp4
Starting upload for: Revelation Chapter 12 (NIRV)
Failed to upload Revelation_Chapter_12.mp4: ('invalid_grant: Token has been expired or revoked.', {'error': 'invalid_grant', 'error_description': 'Token has been expired or revoked.'})
Processing pending upload: Revelation_Chapter_13.mp4
Starting upload for: Revelation Chapter 13 (NIRV)
Failed to upload Revelation_Chapter_13.mp4: ('invalid_grant: Token has been expired or revoked.', {'error': 'invalid_grant', 'error_description': 'Token has been expired or revoked.'})
Processing pending upload: Revelation_Chapter_14.mp4
Starting upload for: Revelation Chapter 14 (NIRV)
Failed to upload Revelation_Chapter_14.mp4: ('invalid_grant: Token has been expired or revoked.', {'error': 'invalid_grant', 'error_description': 'Token has been expired or revoked.'})
Processing pending upload: Revelation_Chapter_15.mp4
Starting upload for: Revelation Chapter 15 (NIRV)
Failed to upload Revelation_Chapter_15.mp4: ('invalid_grant: Token has been expired or revoked.', {'error': 'invalid_grant', 'error_description': 'Token has been expired or revoked.'})
Processing pending upload: Revelation_Chapter_16.mp4
Starting upload for: Revelation Chapter 16 (NIRV)
Failed to upload Revelation_Chapter_16.mp4: ('invalid_grant: Token has been expired or revoked.', {'error': 'invalid_grant', 'error_description': 'Token has been expired or revoked.'})
Processing pending upload: Revelation_Chapter_17.mp4
Starting upload for: Revelation Chapter 17 (NIRV)
Failed to upload Revelation_Chapter_17.mp4: ('invalid_grant: Token has been expired or revoked.', {'error': 'invalid_grant', 'error_description': 'Token has been expired or revoked.'})
Processing pending upload: Revelation_Chapter_18.mp4
Starting upload for: Revelation Chapter 18 (NIRV)
Failed to upload Revelation_Chapter_18.mp4: ('invalid_grant: Token has been expired or revoked.', {'error': 'invalid_grant', 'error_description': 'Token has been expired or revoked.'})
Processing pending upload: Revelation_Chapter_19.mp4
Starting upload for: Revelation Chapter 19 (NIRV)
Failed to upload Revelation_Chapter_19.mp4: ('invalid_grant: Token has been expired or revoked.', {'error': 'invalid_grant', 'error_description': 'Token has been expired or revoked.'})
Processing pending upload: Revelation_Chapter_20.mp4
Starting upload for: Revelation Chapter 20 (NIRV)
Failed to upload Revelation_Chapter_20.mp4: ('invalid_grant: Token has been expired or revoked.', {'error': 'invalid_grant', 'error_description': 'Token has been expired or revoked.'})
Processing pending upload: Revelation_Chapter_21.mp4
Starting upload for: Revelation Chapter 21 (NIRV)
Failed to upload Revelation_Chapter_21.mp4: ('invalid_grant: Token has been expired or revoked.', {'error': 'invalid_grant', 'error_description': 'Token has been expired or revoked.'})
Processing pending upload: Revelation_Chapter_22.mp4
Starting upload for: Revelation Chapter 22 (NIRV)
Failed to upload Revelation_Chapter_22.mp4: ('invalid_grant: Token has been expired or revoked.', {'error': 'invalid_grant', 'error_description': 'Token has been expired or revoked.'})
/Users/dayyoung/Library/Python/3.9/lib/python/site-packages/urllib3/__init__.py:35: NotOpenSSLWarning: urllib3 v2 only supports OpenSSL 1.1.1+, currently the 'ssl' module is compiled with 'LibreSSL 2.8.3'. See: https://github.com/urllib3/urllib3/issues/3020
  warnings.warn(
/Users/dayyoung/Library/Python/3.9/lib/python/site-packages/google/api_core/_python_version_support.py:237: FutureWarning: You are using a non-supported Python version (3.9.6). Google will not post any further updates to google.api_core supporting this Python version. Please upgrade to the latest Python version, or at least Python 3.10, and then update google.api_core.
  warnings.warn(message, FutureWarning)
An error occurred: module 'importlib.metadata' has no attribute 'packages_distributions'
No new videos found in movies folder.
Loaded 1192 videos from history.
Found 95 pending uploads (Sorted by Bible Order).
Processing pending upload: Galatians_Chapter_4.mp4
Starting upload for: Galatians Chapter 4 (NIRV)
Uploading file...
Failed to upload Galatians_Chapter_4.mp4: <HttpError 400 when requesting None returned "The user has exceeded the number of videos they may upload.". Details: "[{'message': 'The user has exceeded the number of videos they may upload.', 'domain': 'youtube.video', 'reason': 'uploadLimitExceeded'}]">
QUOTA/LIMIT ERROR DETECTED. Stopping uploads.
Quota/Limit Exceeded
/Users/dayyoung/Library/Python/3.9/lib/python/site-packages/urllib3/__init__.py:35: NotOpenSSLWarning: urllib3 v2 only supports OpenSSL 1.1.1+, currently the 'ssl' module is compiled with 'LibreSSL 2.8.3'. See: https://github.com/urllib3/urllib3/issues/3020
  warnings.warn(
/Users/dayyoung/Library/Python/3.9/lib/python/site-packages/google/api_core/_python_version_support.py:237: FutureWarning: You are using a non-supported Python version (3.9.6). Google will not post any further updates to google.api_core supporting this Python version. Please upgrade to the latest Python version, or at least Python 3.10, and then update google.api_core.
  warnings.warn(message, FutureWarning)
An error occurred: module 'importlib.metadata' has no attribute 'packages_distributions'
No new videos found in movies folder.
Loaded 1192 videos from history.
Found 95 pending uploads (Sorted by Bible Order).
Processing pending upload: Galatians_Chapter_4.mp4
Starting upload for: Galatians Chapter 4 (NIRV)
Uploading file...
Video id 'W9cgHjERLKo' was successfully uploaded.
Successfully uploaded and updated history for: Galatians_Chapter_4.mp4
Processing pending upload: Galatians_Chapter_5.mp4
Starting upload for: Galatians Chapter 5 (NIRV)
Uploading file...
Video id 'DZVIIr1P_Kk' was successfully uploaded.
Successfully uploaded and updated history for: Galatians_Chapter_5.mp4
Processing pending upload: Galatians_Chapter_6.mp4
Starting upload for: Galatians Chapter 6 (NIRV)
Uploading file...
Video id 'ZDYRQ6Nypes' was successfully uploaded.
Successfully uploaded and updated history for: Galatians_Chapter_6.mp4
Processing pending upload: Ephesians_Chapter_1.mp4
Starting upload for: Ephesians Chapter 1 (NIRV)
Uploading file...
Video id 'eYGCgRx07DM' was successfully uploaded.
Successfully uploaded and updated history for: Ephesians_Chapter_1.mp4
Processing pending upload: Ephesians_Chapter_2.mp4
Starting upload for: Ephesians Chapter 2 (NIRV)
Uploading file...
Video id 'rOUkpYL-mRE' was successfully uploaded.
Successfully uploaded and updated history for: Ephesians_Chapter_2.mp4
Processing pending upload: Ephesians_Chapter_3.mp4
Starting upload for: Ephesians Chapter 3 (NIRV)
Uploading file...
Video id 'kuVjvAkm2_I' was successfully uploaded.
Successfully uploaded and updated history for: Ephesians_Chapter_3.mp4
Processing pending upload: Ephesians_Chapter_4.mp4
Starting upload for: Ephesians Chapter 4 (NIRV)
Uploading file...
Video id 'spo0LKtQZkE' was successfully uploaded.
Successfully uploaded and updated history for: Ephesians_Chapter_4.mp4
Processing pending upload: Ephesians_Chapter_5.mp4
Starting upload for: Ephesians Chapter 5 (NIRV)
Uploading file...
Video id 'Jp2sLSXjqvA' was successfully uploaded.
Successfully uploaded and updated history for: Ephesians_Chapter_5.mp4
Processing pending upload: Ephesians_Chapter_6.mp4
Starting upload for: Ephesians Chapter 6 (NIRV)
Uploading file...
Video id 'Wf1aOc5eC58' was successfully uploaded.
Successfully uploaded and updated history for: Ephesians_Chapter_6.mp4
Processing pending upload: Philippians_Chapter_1.mp4
Starting upload for: Philippians Chapter 1 (NIRV)
Uploading file...
Video id 'FQZtSUUSNM8' was successfully uploaded.
Successfully uploaded and updated history for: Philippians_Chapter_1.mp4
Processing pending upload: Philippians_Chapter_2.mp4
Starting upload for: Philippians Chapter 2 (NIRV)
Uploading file...
Video id 'pzX9Jq8kqdo' was successfully uploaded.
Successfully uploaded and updated history for: Philippians_Chapter_2.mp4
Processing pending upload: Philippians_Chapter_3.mp4
Starting upload for: Philippians Chapter 3 (NIRV)
Uploading file...
Video id '3d-18k5MirQ' was successfully uploaded.
Successfully uploaded and updated history for: Philippians_Chapter_3.mp4
Processing pending upload: Philippians_Chapter_4.mp4
Starting upload for: Philippians Chapter 4 (NIRV)
Uploading file...
Video id 'cihg4ZUITc0' was successfully uploaded.
Successfully uploaded and updated history for: Philippians_Chapter_4.mp4
Processing pending upload: Colossians_Chapter_1.mp4
Starting upload for: Colossians Chapter 1 (NIRV)
Uploading file...
Video id 'al3eHO_Dr7g' was successfully uploaded.
Successfully uploaded and updated history for: Colossians_Chapter_1.mp4
Processing pending upload: Colossians_Chapter_2.mp4
Starting upload for: Colossians Chapter 2 (NIRV)
Uploading file...
Video id '2AXhcxo9Cpc' was successfully uploaded.
Successfully uploaded and updated history for: Colossians_Chapter_2.mp4
Processing pending upload: Colossians_Chapter_3.mp4
Starting upload for: Colossians Chapter 3 (NIRV)
Uploading file...
Video id 'dl5pwuLQ3xA' was successfully uploaded.
Successfully uploaded and updated history for: Colossians_Chapter_3.mp4
Processing pending upload: Colossians_Chapter_4.mp4
Starting upload for: Colossians Chapter 4 (NIRV)
Uploading file...
Video id 'FsMAsWSK9a0' was successfully uploaded.
Successfully uploaded and updated history for: Colossians_Chapter_4.mp4
Processing pending upload: 1_Thessalonians_Chapter_1.mp4
Starting upload for: 1 Thessalonians Chapter 1 (NIRV)
Uploading file...
Video id 'tu-C0rss3jk' was successfully uploaded.
Successfully uploaded and updated history for: 1_Thessalonians_Chapter_1.mp4
Processing pending upload: 1_Thessalonians_Chapter_2.mp4
Starting upload for: 1 Thessalonians Chapter 2 (NIRV)
Uploading file...
Video id '_qZLtFoODpY' was successfully uploaded.
Successfully uploaded and updated history for: 1_Thessalonians_Chapter_2.mp4
Processing pending upload: 1_Thessalonians_Chapter_3.mp4
Starting upload for: 1 Thessalonians Chapter 3 (NIRV)
Uploading file...
Video id 'hIHUbtp62kg' was successfully uploaded.
Successfully uploaded and updated history for: 1_Thessalonians_Chapter_3.mp4
Processing pending upload: 1_Thessalonians_Chapter_4.mp4
Starting upload for: 1 Thessalonians Chapter 4 (NIRV)
Uploading file...
Video id 'aEuxc16xFxU' was successfully uploaded.
Successfully uploaded and updated history for: 1_Thessalonians_Chapter_4.mp4
Processing pending upload: 1_Thessalonians_Chapter_5.mp4
Starting upload for: 1 Thessalonians Chapter 5 (NIRV)
Uploading file...
Video id 'oXwGGq00VUg' was successfully uploaded.
Successfully uploaded and updated history for: 1_Thessalonians_Chapter_5.mp4
Processing pending upload: 2_Thessalonians_Chapter_1.mp4
Starting upload for: 2 Thessalonians Chapter 1 (NIRV)
Uploading file...
Video id 'yq6aTLdmn40' was successfully uploaded.
Successfully uploaded and updated history for: 2_Thessalonians_Chapter_1.mp4
Processing pending upload: 2_Thessalonians_Chapter_2.mp4
Starting upload for: 2 Thessalonians Chapter 2 (NIRV)
Uploading file...
Video id 'T70OKD6GBtM' was successfully uploaded.
Successfully uploaded and updated history for: 2_Thessalonians_Chapter_2.mp4
Processing pending upload: 2_Thessalonians_Chapter_3.mp4
Starting upload for: 2 Thessalonians Chapter 3 (NIRV)
Uploading file...
Video id 'xiGlJegTRDY' was successfully uploaded.
Successfully uploaded and updated history for: 2_Thessalonians_Chapter_3.mp4
Processing pending upload: 1_Timothy_Chapter_1.mp4
Starting upload for: 1 Timothy Chapter 1 (NIRV)
Uploading file...
Video id 'dQndl4cRIGM' was successfully uploaded.
Successfully uploaded and updated history for: 1_Timothy_Chapter_1.mp4
Processing pending upload: 1_Timothy_Chapter_2.mp4
Starting upload for: 1 Timothy Chapter 2 (NIRV)
Uploading file...
Video id 'SYf03H4ddcw' was successfully uploaded.
Successfully uploaded and updated history for: 1_Timothy_Chapter_2.mp4
Processing pending upload: 1_Timothy_Chapter_3.mp4
Starting upload for: 1 Timothy Chapter 3 (NIRV)
Uploading file...
Video id '7x1FkQUPLvk' was successfully uploaded.
Successfully uploaded and updated history for: 1_Timothy_Chapter_3.mp4
Processing pending upload: 1_Timothy_Chapter_4.mp4
Starting upload for: 1 Timothy Chapter 4 (NIRV)
Uploading file...
Video id 'pu8Jvjo7mng' was successfully uploaded.
Successfully uploaded and updated history for: 1_Timothy_Chapter_4.mp4
Processing pending upload: 1_Timothy_Chapter_5.mp4
Starting upload for: 1 Timothy Chapter 5 (NIRV)
Uploading file...
Video id 'Nk3reeISVVU' was successfully uploaded.
Successfully uploaded and updated history for: 1_Timothy_Chapter_5.mp4
Processing pending upload: 1_Timothy_Chapter_6.mp4
Starting upload for: 1 Timothy Chapter 6 (NIRV)
Uploading file...
Video id '_xx5HCe5RiQ' was successfully uploaded.
Successfully uploaded and updated history for: 1_Timothy_Chapter_6.mp4
Processing pending upload: 2_Timothy_Chapter_1.mp4
Starting upload for: 2 Timothy Chapter 1 (NIRV)
Uploading file...
Video id 'gZqRbIt7ZwI' was successfully uploaded.
Successfully uploaded and updated history for: 2_Timothy_Chapter_1.mp4
Processing pending upload: 2_Timothy_Chapter_2.mp4
Starting upload for: 2 Timothy Chapter 2 (NIRV)
Uploading file...
Video id 'bqhd2jb_TRI' was successfully uploaded.
Successfully uploaded and updated history for: 2_Timothy_Chapter_2.mp4
Processing pending upload: 2_Timothy_Chapter_3.mp4
Starting upload for: 2 Timothy Chapter 3 (NIRV)
Uploading file...
Video id 'uk-onh40JYg' was successfully uploaded.
Successfully uploaded and updated history for: 2_Timothy_Chapter_3.mp4
Processing pending upload: 2_Timothy_Chapter_4.mp4
Starting upload for: 2 Timothy Chapter 4 (NIRV)
Uploading file...
Video id '5djznkldZG0' was successfully uploaded.
Successfully uploaded and updated history for: 2_Timothy_Chapter_4.mp4
Processing pending upload: Titus_Chapter_1.mp4
Starting upload for: Titus Chapter 1 (NIRV)
Uploading file...
Video id '5Nz4YtFS6y8' was successfully uploaded.
Successfully uploaded and updated history for: Titus_Chapter_1.mp4
Processing pending upload: Titus_Chapter_2.mp4
Starting upload for: Titus Chapter 2 (NIRV)
Uploading file...
Video id 'MHMZHMOXGJA' was successfully uploaded.
Successfully uploaded and updated history for: Titus_Chapter_2.mp4
Processing pending upload: Titus_Chapter_3.mp4
Starting upload for: Titus Chapter 3 (NIRV)
Uploading file...
Video id 'CCfFbh4_64A' was successfully uploaded.
Successfully uploaded and updated history for: Titus_Chapter_3.mp4
Processing pending upload: Philemon_Chapter_1.mp4
Starting upload for: Philemon Chapter 1 (NIRV)
Uploading file...
Video id 'EBHl7AdzuEY' was successfully uploaded.
Successfully uploaded and updated history for: Philemon_Chapter_1.mp4
Processing pending upload: Hebrews_Chapter_1.mp4
Starting upload for: Hebrews Chapter 1 (NIRV)
Uploading file...
Video id 'tDOLmLJPiJo' was successfully uploaded.
Successfully uploaded and updated history for: Hebrews_Chapter_1.mp4
Processing pending upload: Hebrews_Chapter_2.mp4
Starting upload for: Hebrews Chapter 2 (NIRV)
Uploading file...
Video id 'LtnGHPnfH2I' was successfully uploaded.
Successfully uploaded and updated history for: Hebrews_Chapter_2.mp4
Processing pending upload: Hebrews_Chapter_3.mp4
Starting upload for: Hebrews Chapter 3 (NIRV)
Uploading file...
Video id 'wtg84kmebI4' was successfully uploaded.
Successfully uploaded and updated history for: Hebrews_Chapter_3.mp4
Processing pending upload: Hebrews_Chapter_4.mp4
Starting upload for: Hebrews Chapter 4 (NIRV)
Uploading file...
Video id '2CwX9SrfUks' was successfully uploaded.
Successfully uploaded and updated history for: Hebrews_Chapter_4.mp4
Processing pending upload: Hebrews_Chapter_5.mp4
Starting upload for: Hebrews Chapter 5 (NIRV)
Uploading file...
Video id 'XnGotuJx740' was successfully uploaded.
Successfully uploaded and updated history for: Hebrews_Chapter_5.mp4
Processing pending upload: Hebrews_Chapter_6.mp4
Starting upload for: Hebrews Chapter 6 (NIRV)
Uploading file...
Video id 'PVZT2pMDcUQ' was successfully uploaded.
Successfully uploaded and updated history for: Hebrews_Chapter_6.mp4
Processing pending upload: Hebrews_Chapter_7.mp4
Starting upload for: Hebrews Chapter 7 (NIRV)
Uploading file...
Video id '61DYOqHOoOA' was successfully uploaded.
Successfully uploaded and updated history for: Hebrews_Chapter_7.mp4
Processing pending upload: Hebrews_Chapter_8.mp4
Starting upload for: Hebrews Chapter 8 (NIRV)
Uploading file...
Video id 'ksk05L66M_g' was successfully uploaded.
Successfully uploaded and updated history for: Hebrews_Chapter_8.mp4
Processing pending upload: Hebrews_Chapter_9.mp4
Starting upload for: Hebrews Chapter 9 (NIRV)
Uploading file...
Video id '5z4kXrVXib4' was successfully uploaded.
Successfully uploaded and updated history for: Hebrews_Chapter_9.mp4
Processing pending upload: Hebrews_Chapter_10.mp4
Starting upload for: Hebrews Chapter 10 (NIRV)
Uploading file...
Video id 'ZeUuxVn37Ao' was successfully uploaded.
Successfully uploaded and updated history for: Hebrews_Chapter_10.mp4
Processing pending upload: Hebrews_Chapter_11.mp4
Starting upload for: Hebrews Chapter 11 (NIRV)
Uploading file...
Video id 'aNbXas55des' was successfully uploaded.
Successfully uploaded and updated history for: Hebrews_Chapter_11.mp4
Processing pending upload: Hebrews_Chapter_12.mp4
Starting upload for: Hebrews Chapter 12 (NIRV)
Uploading file...
Video id 'BGMXRPx2vCM' was successfully uploaded.
Successfully uploaded and updated history for: Hebrews_Chapter_12.mp4
Processing pending upload: Hebrews_Chapter_13.mp4
Starting upload for: Hebrews Chapter 13 (NIRV)
Uploading file...
Video id 'DVGoM63ERfk' was successfully uploaded.
Successfully uploaded and updated history for: Hebrews_Chapter_13.mp4
Processing pending upload: James_Chapter_1.mp4
Starting upload for: James Chapter 1 (NIRV)
Uploading file...
Video id 'pHY92GmzMP8' was successfully uploaded.
Successfully uploaded and updated history for: James_Chapter_1.mp4
Processing pending upload: James_Chapter_2.mp4
Starting upload for: James Chapter 2 (NIRV)
Uploading file...
Video id 'A8HamTsNLbQ' was successfully uploaded.
Successfully uploaded and updated history for: James_Chapter_2.mp4
Processing pending upload: James_Chapter_3.mp4
Starting upload for: James Chapter 3 (NIRV)
Uploading file...
Video id 'yoNIYFnHGl0' was successfully uploaded.
Successfully uploaded and updated history for: James_Chapter_3.mp4
Processing pending upload: James_Chapter_4.mp4
Starting upload for: James Chapter 4 (NIRV)
Uploading file...
Video id 'WEIfD8Xmcws' was successfully uploaded.
Successfully uploaded and updated history for: James_Chapter_4.mp4
Processing pending upload: James_Chapter_5.mp4
Starting upload for: James Chapter 5 (NIRV)
Uploading file...
Video id 'VjDtx8JnJ4Y' was successfully uploaded.
Successfully uploaded and updated history for: James_Chapter_5.mp4
Processing pending upload: 1_Peter_Chapter_1.mp4
Starting upload for: 1 Peter Chapter 1 (NIRV)
Uploading file...
Video id 'rclmonQz9AQ' was successfully uploaded.
Successfully uploaded and updated history for: 1_Peter_Chapter_1.mp4
Processing pending upload: 1_Peter_Chapter_2.mp4
Starting upload for: 1 Peter Chapter 2 (NIRV)
Uploading file...
Video id 'pvAVEPS1YNA' was successfully uploaded.
Successfully uploaded and updated history for: 1_Peter_Chapter_2.mp4
Processing pending upload: 1_Peter_Chapter_3.mp4
Starting upload for: 1 Peter Chapter 3 (NIRV)
Uploading file...
Video id 'WlxSuocN-V4' was successfully uploaded.
Successfully uploaded and updated history for: 1_Peter_Chapter_3.mp4
Processing pending upload: 1_Peter_Chapter_4.mp4
Starting upload for: 1 Peter Chapter 4 (NIRV)
Uploading file...
Video id 'ZybWexECSgY' was successfully uploaded.
Successfully uploaded and updated history for: 1_Peter_Chapter_4.mp4
Processing pending upload: 1_Peter_Chapter_5.mp4
Starting upload for: 1 Peter Chapter 5 (NIRV)
Uploading file...
Video id 'vo4NofLcM6k' was successfully uploaded.
Successfully uploaded and updated history for: 1_Peter_Chapter_5.mp4
Processing pending upload: 2_Peter_Chapter_1.mp4
Starting upload for: 2 Peter Chapter 1 (NIRV)
Uploading file...
Video id 'xQnFJ0BINrA' was successfully uploaded.
Successfully uploaded and updated history for: 2_Peter_Chapter_1.mp4
Processing pending upload: 2_Peter_Chapter_2.mp4
Starting upload for: 2 Peter Chapter 2 (NIRV)
Uploading file...
Video id 'QhCNHaRXZac' was successfully uploaded.
Successfully uploaded and updated history for: 2_Peter_Chapter_2.mp4
Processing pending upload: 2_Peter_Chapter_3.mp4
Starting upload for: 2 Peter Chapter 3 (NIRV)
Uploading file...
Video id 'krZmN8tAoFg' was successfully uploaded.
Successfully uploaded and updated history for: 2_Peter_Chapter_3.mp4
Processing pending upload: 1_John_Chapter_1.mp4
Starting upload for: 1 John Chapter 1 (NIRV)
Uploading file...
Video id 'npoOsSDxWM0' was successfully uploaded.
Successfully uploaded and updated history for: 1_John_Chapter_1.mp4
Processing pending upload: 1_John_Chapter_2.mp4
Starting upload for: 1 John Chapter 2 (NIRV)
Uploading file...
Video id '_Z0TKAozN8E' was successfully uploaded.
Successfully uploaded and updated history for: 1_John_Chapter_2.mp4
Processing pending upload: 1_John_Chapter_3.mp4
Starting upload for: 1 John Chapter 3 (NIRV)
Uploading file...
Video id '4EF3XOwK3Y8' was successfully uploaded.
Successfully uploaded and updated history for: 1_John_Chapter_3.mp4
Processing pending upload: 1_John_Chapter_4.mp4
Starting upload for: 1 John Chapter 4 (NIRV)
Uploading file...
Video id 'qFoK4J0rs9k' was successfully uploaded.
Successfully uploaded and updated history for: 1_John_Chapter_4.mp4
Processing pending upload: 1_John_Chapter_5.mp4
Starting upload for: 1 John Chapter 5 (NIRV)
Uploading file...
Video id 'kh35wsTiE9U' was successfully uploaded.
Successfully uploaded and updated history for: 1_John_Chapter_5.mp4
Processing pending upload: 2_John_Chapter_1.mp4
Starting upload for: 2 John Chapter 1 (NIRV)
Uploading file...
Video id 'WjJXctHmW0I' was successfully uploaded.
Successfully uploaded and updated history for: 2_John_Chapter_1.mp4
Processing pending upload: 3_John_Chapter_1.mp4
Starting upload for: 3 John Chapter 1 (NIRV)
Uploading file...
Video id 'rD6eSSLbyrA' was successfully uploaded.
Successfully uploaded and updated history for: 3_John_Chapter_1.mp4
Processing pending upload: Jude_Chapter_1.mp4
Starting upload for: Jude Chapter 1 (NIRV)
Uploading file...
Video id 'w4ghLybOKr8' was successfully uploaded.
Successfully uploaded and updated history for: Jude_Chapter_1.mp4
Processing pending upload: Revelation_Chapter_1.mp4
Starting upload for: Revelation Chapter 1 (NIRV)
Uploading file...
Video id 'G2zjPcBY5Ck' was successfully uploaded.
Successfully uploaded and updated history for: Revelation_Chapter_1.mp4
Processing pending upload: Revelation_Chapter_2.mp4
Starting upload for: Revelation Chapter 2 (NIRV)
Uploading file...
Video id '3iLnMQgGA_k' was successfully uploaded.
Successfully uploaded and updated history for: Revelation_Chapter_2.mp4
Processing pending upload: Revelation_Chapter_3.mp4
Starting upload for: Revelation Chapter 3 (NIRV)
Uploading file...
Video id 'vj2jrO41p8A' was successfully uploaded.
Successfully uploaded and updated history for: Revelation_Chapter_3.mp4
Processing pending upload: Revelation_Chapter_4.mp4
Starting upload for: Revelation Chapter 4 (NIRV)
Uploading file...
Video id '-lR6jJGmQm8' was successfully uploaded.
Successfully uploaded and updated history for: Revelation_Chapter_4.mp4
Processing pending upload: Revelation_Chapter_5.mp4
Starting upload for: Revelation Chapter 5 (NIRV)
Uploading file...
Video id 'gPXpUtbWybk' was successfully uploaded.
Successfully uploaded and updated history for: Revelation_Chapter_5.mp4
Processing pending upload: Revelation_Chapter_6.mp4
Starting upload for: Revelation Chapter 6 (NIRV)
Uploading file...
Video id '0jTWVBEeWMc' was successfully uploaded.
Successfully uploaded and updated history for: Revelation_Chapter_6.mp4
Processing pending upload: Revelation_Chapter_7.mp4
Starting upload for: Revelation Chapter 7 (NIRV)
Uploading file...
Video id '-kW8UF1Sz3I' was successfully uploaded.
Successfully uploaded and updated history for: Revelation_Chapter_7.mp4
Processing pending upload: Revelation_Chapter_8.mp4
Starting upload for: Revelation Chapter 8 (NIRV)
Uploading file...
Video id 'jjHRrpSLtlc' was successfully uploaded.
Successfully uploaded and updated history for: Revelation_Chapter_8.mp4
Processing pending upload: Revelation_Chapter_9.mp4
Starting upload for: Revelation Chapter 9 (NIRV)
Uploading file...
Video id 'JElxYrFfSJs' was successfully uploaded.
Successfully uploaded and updated history for: Revelation_Chapter_9.mp4
Processing pending upload: Revelation_Chapter_10.mp4
Starting upload for: Revelation Chapter 10 (NIRV)
Uploading file...
Video id 'ARr4O-oT33c' was successfully uploaded.
Successfully uploaded and updated history for: Revelation_Chapter_10.mp4
Processing pending upload: Revelation_Chapter_11.mp4
Starting upload for: Revelation Chapter 11 (NIRV)
Uploading file...
Video id 'P7GBR0K4fh0' was successfully uploaded.
Successfully uploaded and updated history for: Revelation_Chapter_11.mp4
Processing pending upload: Revelation_Chapter_12.mp4
Starting upload for: Revelation Chapter 12 (NIRV)
Uploading file...
Video id 'JJ_pPVVLu_8' was successfully uploaded.
Successfully uploaded and updated history for: Revelation_Chapter_12.mp4
Processing pending upload: Revelation_Chapter_13.mp4
Starting upload for: Revelation Chapter 13 (NIRV)
Uploading file...
Video id 'lTqEo8w9tRM' was successfully uploaded.
Successfully uploaded and updated history for: Revelation_Chapter_13.mp4
Processing pending upload: Revelation_Chapter_14.mp4
Starting upload for: Revelation Chapter 14 (NIRV)
Uploading file...
Video id '7mxsmKsE-iU' was successfully uploaded.
Successfully uploaded and updated history for: Revelation_Chapter_14.mp4
Processing pending upload: Revelation_Chapter_15.mp4
Starting upload for: Revelation Chapter 15 (NIRV)
Uploading file...
Video id 'ef6JHmnPE_o' was successfully uploaded.
Successfully uploaded and updated history for: Revelation_Chapter_15.mp4
Processing pending upload: Revelation_Chapter_16.mp4
Starting upload for: Revelation Chapter 16 (NIRV)
Uploading file...
Video id 'A-lRKWhiF2M' was successfully uploaded.
Successfully uploaded and updated history for: Revelation_Chapter_16.mp4
Processing pending upload: Revelation_Chapter_17.mp4
Starting upload for: Revelation Chapter 17 (NIRV)
Uploading file...
Video id 'AbZW04QNtRs' was successfully uploaded.
Successfully uploaded and updated history for: Revelation_Chapter_17.mp4
Processing pending upload: Revelation_Chapter_18.mp4
Starting upload for: Revelation Chapter 18 (NIRV)
Uploading file...
Video id 'Kg0Jf8gR8ME' was successfully uploaded.
Successfully uploaded and updated history for: Revelation_Chapter_18.mp4
Processing pending upload: Revelation_Chapter_19.mp4
Starting upload for: Revelation Chapter 19 (NIRV)
Uploading file...
Video id 'pMsqEuJ6FEw' was successfully uploaded.
Successfully uploaded and updated history for: Revelation_Chapter_19.mp4
Processing pending upload: Revelation_Chapter_20.mp4
Starting upload for: Revelation Chapter 20 (NIRV)
Uploading file...
Video id 'qaku03Xk7uQ' was successfully uploaded.
Successfully uploaded and updated history for: Revelation_Chapter_20.mp4
Processing pending upload: Revelation_Chapter_21.mp4
Starting upload for: Revelation Chapter 21 (NIRV)
Uploading file...
Video id 'fsWNQbNroqk' was successfully uploaded.
Successfully uploaded and updated history for: Revelation_Chapter_21.mp4
Processing pending upload: Revelation_Chapter_22.mp4
Starting upload for: Revelation Chapter 22 (NIRV)
Uploading file...
Video id 'n3ndZiGu9IA' was successfully uploaded.
Successfully uploaded and updated history for: Revelation_Chapter_22.mp4
/Users/dayyoung/Library/Python/3.9/lib/python/site-packages/urllib3/__init__.py:35: NotOpenSSLWarning: urllib3 v2 only supports OpenSSL 1.1.1+, currently the 'ssl' module is compiled with 'LibreSSL 2.8.3'. See: https://github.com/urllib3/urllib3/issues/3020
  warnings.warn(
/Users/dayyoung/Library/Python/3.9/lib/python/site-packages/google/api_core/_python_version_support.py:237: FutureWarning: You are using a non-supported Python version (3.9.6). Google will not post any further updates to google.api_core supporting this Python version. Please upgrade to the latest Python version, or at least Python 3.10, and then update google.api_core.
  warnings.warn(message, FutureWarning)
An error occurred: module 'importlib.metadata' has no attribute 'packages_distributions'
No new videos found in movies folder.
Loaded 1189 videos from history.
Found 0 pending uploads (Sorted by Bible Order).
